term, occurs, impact
"1000" , 1 , 
"1948 births" , 3 , 
"1966" , 2 , 
"1970" , 1 , 
"1970s music groups" , 1 , 
"1973" , 1 , 
"1979" , 2 , 
"1981" , 1 , 
"2003 invasion of Iraq" , 1 , 
"2007" , 1 , 
"401(k)" , 2 , 
"82nd Airborne Division" , 1 , 
"AIDS" , 4 , 
"ARIA Charts" , 1 , 
"Abandonment" , 1 , 
"Abortion" , 8 , 
"Abraham Lincoln" , 1 , 
"Abuse" , 13 , 
"Academia" , 11 , 
"Academic degree" , 5 , 
"Academic term" , 4 , 
"Access control" , 2 , 
"Accountant" , 2 , 
"Accountants" , 1 , 
"Act of Congress" , 14 , 
"Activity" , 1 , 
"Acts of the Apostles" , 4 , 
"Actuarial science" , 5 , 
"Acupressure" , 2 , 
"Acupuncture point" , 1 , 
"Acupuncture" , 1 , 
"Addiction" , 5 , 
"Addition" , 1 , 
"Address" , 1 , 
"Administrative division" , 4 , 
"Administrative divisions" , 1 , 
"Administrative law" , 5 , 
"Adolf Hitler" , 1 , 
"Adoption" , 13 , 
"Advertising" , 3 , 
"Affirmative defense" , 1 , 
"Affordable housing" , 1 , 
"African American" , 4 , 
"African people" , 1 , 
"Age Discrimination in Employment Act" , 1 , 
"Ageing" , 1 , 
"Agency" , 6 , 
"Aggravation" , 3 , 
"Agricultural experiment station" , 1 , 
"Agricultural machinery" , 1 , 
"Agriculture" , 9 , 
"Air Quality Index" , 1 , 
"Air dispersion modeling" , 1 , 
"Air pollution" , 3 , 
"Airbag" , 1 , 
"Airborne forces" , 1 , 
"Airport" , 1 , 
"Akron, Ohio" , 24 , 
"Alaska" , 23 , 
"Alcohol law" , 2 , 
"Alcohol" , 3 , 
"Alcoholic beverage" , 9 , 
"Alford plea" , 1 , 
"Allergy" , 1 , 
"Allied Health Professions" , 1 , 
"Alternative dispute resolution" , 1 , 
"Alternative education" , 7 , 
"Alzheimer's disease" , 1 , 
"Ambulance" , 8 , 
"Ambulatory care" , 1 , 
"Ameiurus" , 1 , 
"American Cancer Society" , 1 , 
"American Civil War" , 6 , 
"American Dental Association" , 1 , 
"American Legion Auxiliary" , 1 , 
"American Legion" , 4 , 
"American National Standards Institute" , 1 , 
"American Quarter Horse" , 1 , 
"American Revolution" , 1 , 
"American football" , 1 , 
"Ammunition" , 6 , 
"Amnesty" , 1 , 
"Amputation" , 1 , 
"Amusement rides" , 2 , 
"Amyloid" , 1 , 
"Andrew Carnegie" , 1 , 
"Aneurysm" , 1 , 
"Angelus" , 1 , 
"Animal control officer" , 1 , 
"Animal" , 1 , 
"Annexation" , 1 , 
"Annual report" , 1 , 
"Annuity" , 1 , 
"Anthropology" , 2 , 
"Antibiotic" , 1 , 
"Antique guns" , 1 , 
"Apache County, Arizona" , 6 , 
"Apartment" , 1 , 
"Appalachian Ohio" , 1 , 
"Appeal" , 19 , 
"Appellate court" , 3 , 
"Apple" , 3 , 
"Applied behavior analysis" , 1 , 
"Apprenticeship" , 1 , 
"Appropriation bill" , 1 , 
"Appropriation" , 234 , 
"Aquifer" , 3 , 
"Arbitration" , 2 , 
"Archaeological site" , 1 , 
"Archaeology" , 5 , 
"Architect" , 2 , 
"Arizona Corporation Commission" , 1 , 
"Arizona Health Care Cost Containment System" , 3 , 
"Arizona House of Representatives" , 10 , 
"Arizona Legislature" , 3 , 
"Arizona Senate" , 9 , 
"Arizona State University" , 2 , 
"Arizona Supreme Court" , 1 , 
"Arizona counties" , 1 , 
"Arizona" , 922 , 
"Armed forces" , 4 , 
"Arraignment" , 5 , 
"Arrears" , 1 , 
"Arrest warrant" , 4 , 
"Arrest" , 6 , 
"Arthrodira" , 1 , 
"Arthrogryposis" , 2 , 
"Artistic gymnastics apparatus" , 1 , 
"Asbestos" , 1 , 
"Asian American" , 1 , 
"Assault rifle" , 2 , 
"Assault" , 14 , 
"Assembly language" , 3 , 
"Assessment" , 9 , 
"Asset forfeiture" , 1 , 
"Assignment" , 1 , 
"Assistant party leaders of the United States Senate" , 1 , 
"Assisted living" , 1 , 
"Associate's degree" , 1 , 
"Association football" , 2 , 
"Assyrian people" , 2 , 
"Asthma" , 1 , 
"At-grade intersection" , 1 , 
"At-will employment" , 2 , 
"Atherosclerosis" , 1 , 
"Athletic trainer" , 2 , 
"Athletic training" , 2 , 
"Attachment theory" , 2 , 
"Attorneys general" , 3 , 
"Auction" , 3 , 
"Auctioneering" , 1 , 
"Audiogram" , 2 , 
"Audiology" , 4 , 
"Audit" , 7 , 
"Auditing" , 5 , 
"Auditory system" , 2 , 
"Authentication" , 5 , 
"Authorization" , 3 , 
"Autobahn" , 11 , 
"Automated teller machine" , 1 , 
"Automation" , 3 , 
"Automobile" , 44 , 
"Award" , 2 , 
"Awards and decorations of the United States Air Force" , 1 , 
"Awards and decorations of the United States Army" , 1 , 
"Awards and decorations of the United States military" , 1 , 
"Awareness" , 3 , 
"Ayurveda" , 2 , 
"BBC" , 1 , 
"Babe Ruth" , 1 , 
"Babysitting" , 2 , 
"Bachelor's degree" , 1 , 
"Backpacking" , 2 , 
"Backstroke" , 1 , 
"Bail" , 1 , 
"Baja California" , 2 , 
"Balance sheet" , 2 , 
"Ballot" , 1 , 
"Baltimore" , 1 , 
"Bank" , 1 , 
"Banking" , 1 , 
"Bankruptcy" , 2 , 
"Baptism" , 1 , 
"Barack Obama" , 7 , 
"Barber" , 4 , 
"Barrel" , 1 , 
"Barrister" , 1 , 
"Baseball field" , 1 , 
"Baseball statistics" , 1 , 
"Baseball" , 4 , 
"Basketball" , 10 , 
"Bathtub" , 1 , 
"Battery" , 1 , 
"Batting" , 1 , 
"Bed and breakfast" , 1 , 
"Beekeeping" , 2 , 
"Beer" , 2 , 
"Bellville, Ohio" , 1 , 
"Bench press" , 1 , 
"Bench trial" , 1 , 
"Bench" , 1 , 
"Beneficiary" , 1 , 
"Benevolent and Protective Order of Elks" , 1 , 
"Benjamin Harrison" , 1 , 
"Better" , 1 , 
"Bicameralism" , 1 , 
"Bicycle helmet" , 1 , 
"Bicycle" , 1 , 
"Bidding" , 1 , 
"Big Ten Conference" , 2 , 
"Bill Clinton" , 3 , 
"Bill" , 20 , 
"Billboard" , 1 , 
"Biodiesel" , 3 , 
"Biodiversity" , 3 , 
"Biometrics" , 1 , 
"Bird" , 1 , 
"Birth certificate" , 3 , 
"Birth control" , 1 , 
"Bishop" , 4 , 
"Black people" , 1 , 
"Blindness" , 2 , 
"Blood sport" , 1 , 
"Blood" , 2 , 
"Bluetooth" , 2 , 
"Board of directors" , 38 , 
"Boat" , 2 , 
"Boiler insurance" , 3 , 
"Boiler" , 1 , 
"Bond" , 7 , 
"Bonds" , 3 , 
"Boom barrier" , 1 , 
"Bowl game" , 1 , 
"Boy Scouts of America" , 2 , 
"Braille" , 1 , 
"Brandy" , 1 , 
"Breathing" , 1 , 
"Brigade" , 1 , 
"British Misuse of Drugs Act" , 1 , 
"Broadband Internet access" , 3 , 
"Broadband" , 2 , 
"Building code" , 4 , 
"Building engineering" , 2 , 
"Building officials" , 3 , 
"Building" , 18 , 
"Bullet" , 2 , 
"Bullying" , 2 , 
"Bureau of Land Management" , 1 , 
"Burial" , 3 , 
"Bus" , 6 , 
"Bushmeat" , 1 , 
"Business class" , 1 , 
"Business ethics" , 1 , 
"Business law" , 2 , 
"Business school" , 1 , 
"Business" , 18 , 
"Butler County, Ohio" , 1 , 
"By-election" , 3 , 
"C" , 1 , 
"C-130 Hercules" , 1 , 
"Cabinet" , 1 , 
"Caffeine" , 1 , 
"California Institute of Technology" , 2 , 
"California" , 91 , 
"Call for bids" , 1 , 
"Caller ID" , 1 , 
"Campaign finance in the United States" , 1 , 
"Campaign finance" , 1 , 
"Camping" , 1 , 
"Campsite" , 1 , 
"Canadian Charter of Rights and Freedoms" , 2 , 
"Cancer" , 3 , 
"Candidate" , 1 , 
"Cannabis" , 10 , 
"Canton, Ohio" , 1 , 
"Capacity factor" , 2 , 
"Capital accumulation" , 1 , 
"Capital punishment" , 3 , 
"Captive insurance" , 1 , 
"Carbon dioxide" , 3 , 
"Carbon monoxide" , 2 , 
"Carbon" , 3 , 
"Cardiology" , 1 , 
"Care of residents" , 6 , 
"Caregiver" , 1 , 
"Carnegie library" , 1 , 
"Cartridge" , 2 , 
"Cash balance plan" , 2 , 
"Casino" , 2 , 
"Caspar Weinberger" , 2 , 
"Casualty insurance" , 3 , 
"Catawba Island Township, Ottawa County, Ohio" , 1 , 
"Catholic Church" , 1 , 
"Causality" , 1 , 
"Cease and desist" , 4 , 
"Cell signaling" , 1 , 
"Celsius" , 1 , 
"Centers for Medicare and Medicaid Services" , 8 , 
"Centrarchidae" , 1 , 
"Cerebral aneurysm" , 1 , 
"Cerebral palsy" , 2 , 
"Certificate authority" , 2 , 
"Certificate of deposit" , 1 , 
"Certified Public Accountant" , 7 , 
"Certified first responder" , 1 , 
"Certified teacher" , 2 , 
"Chairman" , 6 , 
"Champerty and maintenance" , 1 , 
"Champion" , 1 , 
"Championship" , 1 , 
"Charitable organization" , 32 , 
"Charitable trust" , 1 , 
"Charities" , 1 , 
"Charity" , 1 , 
"Charter school" , 36 , 
"Charter" , 7 , 
"Cheerleading" , 1 , 
"Cheque" , 2 , 
"Chicken" , 1 , 
"Chief executive officer" , 5 , 
"Chief executives" , 1 , 
"Chief of police" , 1 , 
"Child abuse" , 23 , 
"Child care" , 1 , 
"Child custody" , 5 , 
"Child protection" , 4 , 
"Child sexual abuse" , 8 , 
"Child support in the United States" , 1 , 
"Child support" , 4 , 
"Child" , 1 , 
"Childbirth" , 11 , 
"Childcare" , 4 , 
"Childhood" , 7 , 
"Chiropractic" , 1 , 
"Christian denomination" , 1 , 
"Christianity" , 8 , 
"Christmas controversy" , 3 , 
"Christopher Nolan" , 7 , 
"Chronic kidney disease" , 2 , 
"Cigarette" , 5 , 
"Cincinnati Reds" , 1 , 
"Cincinnati" , 3 , 
"City of Willoughby" , 1 , 
"City" , 14 , 
"Civil and political rights" , 8 , 
"Civil engineering" , 1 , 
"Civil procedure" , 14 , 
"Civil union" , 1 , 
"Claims adjuster" , 1 , 
"Clean Water Act" , 5 , 
"Clerk of the United States House of Representatives" , 251 , 
"Cleveland Browns" , 2 , 
"Cleveland Indians" , 3 , 
"Climate change" , 3 , 
"Clinical nurse specialist" , 1 , 
"Clinical psychology" , 1 , 
"Clinical trial" , 1 , 
"Clint Eastwood" , 1 , 
"Coagulopathy" , 1 , 
"Coal mining" , 1 , 
"Coal" , 9 , 
"Coat of arms" , 3 , 
"Cocaine" , 2 , 
"Coconino County, Arizona" , 10 , 
"Cohabitation" , 1 , 
"Coinsurance" , 2 , 
"Collection agency" , 1 , 
"Collective bargaining" , 16 , 
"Collective investment scheme" , 1 , 
"College athletics" , 1 , 
"College" , 59 , 
"Colorado Plateau" , 1 , 
"Colorado River" , 7 , 
"Colorado" , 6 , 
"Columbia, South Carolina" , 1 , 
"Columbus Clippers" , 1 , 
"Columbus, Ohio" , 25 , 
"Combined DNA Index System" , 2 , 
"Coming into force" , 1 , 
"Coming out" , 1 , 
"Commendation Medal" , 1 , 
"Commercial driver's license" , 5 , 
"Commercial vehicle" , 1 , 
"Committee" , 4 , 
"Common law" , 17 , 
"Common-law marriage" , 1 , 
"Communication" , 2 , 
"Community Health Center" , 3 , 
"Community college" , 12 , 
"Community" , 1 , 
"Commutation of sentence" , 1 , 
"Compiler" , 3 , 
"Complaint" , 6 , 
"Compressed natural gas" , 1 , 
"Computer file" , 1 , 
"Computer program" , 14 , 
"Computer programming" , 1 , 
"Computer science" , 1 , 
"Computer security" , 1 , 
"Computer software" , 2 , 
"Computer" , 8 , 
"Concealed carry in the United States" , 13 , 
"Conducting" , 2 , 
"Confederate States of America" , 1 , 
"Confidentiality" , 1 , 
"Conflict of interest" , 2 , 
"Congregational church" , 1 , 
"Connecticut" , 3 , 
"Consanguinity" , 2 , 
"Conscription in the United States" , 1 , 
"Conscription" , 1 , 
"Conservation biology" , 1 , 
"Conservation movement" , 1 , 
"Conservation" , 1 , 
"Constable" , 31 , 
"Constitution" , 6 , 
"Constitutional amendment" , 3 , 
"Construction permit" , 5 , 
"Construction" , 21 , 
"Consumer fireworks" , 2 , 
"Consumer protection" , 4 , 
"Consumer" , 2 , 
"Containers" , 1 , 
"Continental Army" , 1 , 
"Contingent fee" , 1 , 
"Continuing education" , 1 , 
"Contract law" , 4 , 
"Contract" , 28 , 
"Contractual term" , 5 , 
"Controlled Substances Act" , 10 , 
"Conversion of units" , 1 , 
"Conviction" , 10 , 
"Cooperative education" , 1 , 
"Cordless telephone" , 1 , 
"Coroner" , 1 , 
"Corporal" , 2 , 
"Corporate governance" , 16 , 
"Corporate tax" , 9 , 
"Corporate title" , 1 , 
"Corporation" , 28 , 
"Corrections" , 4 , 
"Cost" , 9 , 
"Counseling" , 2 , 
"County commission" , 1 , 
"County council" , 1 , 
"County" , 8 , 
"Course credit" , 1 , 
"Course" , 4 , 
"Court reporter" , 1 , 
"Court" , 16 , 
"Coverdell Education Savings Account" , 1 , 
"Cowboy" , 2 , 
"Credential" , 2 , 
"Credit card" , 2 , 
"Credit history" , 2 , 
"Credit rating" , 2 , 
"Credit score" , 4 , 
"Credit union" , 3 , 
"Credit" , 8 , 
"Creditor" , 1 , 
"Cremation" , 1 , 
"Crime" , 98 , 
"Crimes" , 2 , 
"Criminal justice" , 18 , 
"Criminal law" , 100 , 
"Criminal procedure" , 1 , 
"Criminal record" , 12 , 
"Criminology" , 14 , 
"Crisis management" , 1 , 
"Crohn's disease" , 2 , 
"Cross country running" , 5 , 
"Cruelty to animals" , 4 , 
"Cubic foot" , 1 , 
"Curriculum" , 3 , 
"Custodian" , 1 , 
"Customer service" , 1 , 
"Cuyahoga County, Ohio" , 1 , 
"Cuyahoga Falls, Ohio" , 1 , 
"Cuyahoga River" , 1 , 
"Cycling" , 2 , 
"DNA" , 6 , 
"DRE voting machine" , 1 , 
"DVD region code" , 1 , 
"Damage waiver" , 1 , 
"Damages" , 3 , 
"Danaus" , 2 , 
"Dance" , 1 , 
"Data center" , 1 , 
"Data management" , 2 , 
"Data" , 2 , 
"Dating system" , 1 , 
"Dating" , 1 , 
"David Wain" , 1 , 
"Day care" , 4 , 
"Daylight saving time" , 1 , 
"Dayton, Ohio" , 4 , 
"Deadly force" , 1 , 
"Death certificate" , 2 , 
"Death customs" , 1 , 
"Death penalty" , 1 , 
"Death" , 8 , 
"Debate" , 2 , 
"Debit card" , 2 , 
"Debt" , 27 , 
"Debtor" , 3 , 
"Decision making software" , 1 , 
"Decision making" , 1 , 
"Decision theory" , 1 , 
"Declaratory judgment" , 1 , 
"Deductible" , 1 , 
"Defamation" , 1 , 
"Deferred compensation" , 1 , 
"Defiance, Ohio" , 1 , 
"Deficit irrigation" , 1 , 
"Delaware" , 1 , 
"Delta Sigma Theta" , 1 , 
"Democracy" , 6 , 
"Democratic Party" , 108 , 
"Demography" , 2 , 
"Dendrochronology" , 1 , 
"Dental assistant" , 3 , 
"Dental auxiliary" , 1 , 
"Dental hygienist" , 4 , 
"Dental technician" , 2 , 
"Dental therapist" , 3 , 
"Dentistry" , 5 , 
"Deposit Interest Retention Tax" , 1 , 
"Deposit account" , 2 , 
"Deposit insurance" , 1 , 
"Depreciation" , 1 , 
"Deputy sheriff" , 1 , 
"Determinacy" , 1 , 
"Determination" , 1 , 
"Development aid" , 2 , 
"Developmental disability" , 5 , 
"Devonian" , 1 , 
"Diabetes mellitus type 1" , 1 , 
"Diabetes mellitus" , 3 , 
"Diabetes" , 1 , 
"Diabetic ketoacidosis" , 3 , 
"Diesel fuel" , 4 , 
"Digital signature" , 1 , 
"Diploma" , 2 , 
"Dipping tobacco" , 6 , 
"Disability insurance" , 4 , 
"Disability" , 13 , 
"Discrimination" , 6 , 
"Disease" , 3 , 
"Dispatcher" , 1 , 
"Dispensary" , 4 , 
"Dispute resolution" , 5 , 
"Distillation" , 1 , 
"Distilled beverage" , 1 , 
"Distributor" , 1 , 
"District" , 2 , 
"Diverging diamond interchange" , 1 , 
"Diving" , 1 , 
"Division I" , 2 , 
"Divorce" , 3 , 
"Doctor Who" , 1 , 
"Doctor of Medicine" , 2 , 
"Doctor-patient relationship" , 1 , 
"Dog" , 5 , 
"Dogs" , 2 , 
"Dolly Parton" , 1 , 
"Domestic violence" , 14 , 
"Domestication" , 1 , 
"Donald Trump" , 1 , 
"Douglas MacArthur" , 1 , 
"Doula" , 1 , 
"Dower" , 1 , 
"Down syndrome" , 2 , 
"Drinking water" , 6 , 
"Driver's education" , 1 , 
"Driver's license" , 10 , 
"Driving test" , 1 , 
"Driving" , 6 , 
"Drop" , 1 , 
"Drug addiction" , 10 , 
"Drug control law" , 8 , 
"Drug paraphernalia" , 1 , 
"Drug" , 2 , 
"Drugs" , 13 , 
"Dunkleosteus" , 1 , 
"Dynamite" , 1 , 
"Dyslexia" , 2 , 
"Ear" , 1 , 
"Early childhood education" , 1 , 
"Earned Income Tax Credit" , 6 , 
"Earned run" , 1 , 
"Easement" , 5 , 
"East Africa" , 1 , 
"Eastern Europe" , 1 , 
"Economic development" , 1 , 
"Economics terminology" , 1 , 
"Economics" , 8 , 
"Education and training occupations" , 1 , 
"Education in the United States" , 13 , 
"Education" , 127 , 
"Educational assessment and evaluation" , 1 , 
"Educational psychology" , 2 , 
"Educational stages" , 1 , 
"Educational years" , 4 , 
"Efficient energy use" , 1 , 
"Egg white" , 1 , 
"Egg yolk" , 1 , 
"Egg" , 1 , 
"Election law" , 1 , 
"Election" , 41 , 
"Elections in the United States" , 1 , 
"Elections" , 58 , 
"Electoral College" , 1 , 
"Electric charge" , 3 , 
"Electric power transmission" , 1 , 
"Electric utility" , 1 , 
"Electric vehicle" , 4 , 
"Electricity distribution" , 5 , 
"Electronic cigarette" , 2 , 
"Electronic engineering" , 2 , 
"Electronic funds transfer" , 1 , 
"Electronic tagging" , 1 , 
"Electronic voting" , 1 , 
"Electronics" , 2 , 
"Elementary school" , 1 , 
"Elevator" , 2 , 
"Emancipation of minors" , 3 , 
"Embalming" , 3 , 
"Embryo" , 2 , 
"Emergency management" , 4 , 
"Emergency medical services" , 20 , 
"Emergency medical technician" , 15 , 
"Emergency medicine" , 4 , 
"Emergency physician" , 1 , 
"Emergency service" , 2 , 
"Eminent domain" , 3 , 
"Emission standards" , 1 , 
"Employee benefit" , 8 , 
"Employment compensation" , 4 , 
"Employment" , 72 , 
"Endangered Species Act" , 2 , 
"Endangered species" , 2 , 
"Energy Policy Act of 2005" , 2 , 
"Energy" , 5 , 
"Engineering" , 1 , 
"English language" , 1 , 
"English-language films" , 2 , 
"Entertainment" , 1 , 
"Entrepreneurship" , 2 , 
"Envelope" , 1 , 
"Environment" , 4 , 
"Environmental engineering" , 2 , 
"Environmentalism" , 3 , 
"Epidemic" , 2 , 
"Epidemiology" , 15 , 
"Epilepsy" , 1 , 
"Epinephrine" , 1 , 
"Epistemology" , 1 , 
"Equal Employment Opportunity Commission" , 5 , 
"Equals sign" , 1 , 
"Equitable remedy" , 1 , 
"Equity" , 1 , 
"Escape" , 1 , 
"Estate" , 1 , 
"Ethanol" , 2 , 
"Ethics" , 1 , 
"Ethnic group" , 1 , 
"Europe" , 1 , 
"European Union" , 10 , 
"Evaluation" , 4 , 
"Evanston, Illinois" , 1 , 
"Evaporative cooler" , 1 , 
"Event planning" , 1 , 
"Evidence" , 3 , 
"Ex parte" , 3 , 
"Executive director" , 4 , 
"Executive officer" , 4 , 
"Expense" , 3 , 
"Exploitation" , 1 , 
"Explosive Ordnance Disposal Badge" , 1 , 
"Explosive material" , 4 , 
"Expropriation" , 1 , 
"Extenuating circumstances" , 2 , 
"External auditor" , 3 , 
"Extracurricular activity" , 2 , 
"Extreme weather" , 1 , 
"FIRST Lego League" , 1 , 
"FRP tanks and vessels" , 1 , 
"Facility management" , 1 , 
"Fahrenheit" , 1 , 
"Fair Credit Reporting Act" , 5 , 
"Fair Labor Standards Act" , 5 , 
"Fairport Harbor, Ohio" , 2 , 
"Fallacy" , 1 , 
"Family and Medical Leave Act of 1993" , 2 , 
"Family law" , 4 , 
"Family" , 30 , 
"Father" , 3 , 
"Federal Bureau of Investigation" , 46 , 
"Federal Communications Commission" , 1 , 
"Federal Election Campaign Act" , 3 , 
"Federal Home Loan Banks" , 1 , 
"Federal Housing Administration" , 1 , 
"Federal Motor Vehicle Safety Standard 108" , 1 , 
"Federal Register" , 3 , 
"Federal Reserve System" , 2 , 
"Federal Rules of Civil Procedure" , 1 , 
"Federal Unemployment Tax Act" , 3 , 
"Federal agency" , 2 , 
"Federal government of the United States" , 51 , 
"Federal holidays in the United States" , 3 , 
"Federal" , 2 , 
"Fee simple" , 1 , 
"Fee" , 3 , 
"Felony" , 54 , 
"Female" , 2 , 
"Fentanyl" , 1 , 
"Ferric" , 2 , 
"Ferrous" , 2 , 
"Fertility" , 2 , 
"Fetus" , 3 , 
"Fiduciary" , 13 , 
"File sharing" , 2 , 
"Film" , 1 , 
"Filmmaking" , 1 , 
"Finance" , 12 , 
"Financial aid" , 2 , 
"Financial audit" , 8 , 
"Financial institution" , 2 , 
"Financial reinsurance" , 1 , 
"Financial services" , 3 , 
"Findlay, Ohio" , 1 , 
"Fine" , 1 , 
"Fingerprint" , 9 , 
"Fire apparatus" , 1 , 
"Fire department" , 4 , 
"Fire protection" , 3 , 
"Firearm Owners Protection Act" , 1 , 
"Firearm" , 20 , 
"Firefighter" , 7 , 
"Firefighting" , 1 , 
"Fireteam" , 2 , 
"Fireworks" , 1 , 
"First Amendment to the United States Constitution" , 1 , 
"First flying machine" , 2 , 
"Fiscal year" , 64 , 
"Fish" , 1 , 
"Fishing" , 2 , 
"Five-year survival rate" , 1 , 
"Fixed rate mortgage" , 1 , 
"Flag of the United States" , 4 , 
"Floating wind turbine" , 2 , 
"Florence, Arizona" , 1 , 
"Flower" , 1 , 
"Flowers" , 1 , 
"Following" , 6 , 
"Food and Drug Administration" , 7 , 
"Food coloring" , 1 , 
"Food industry" , 4 , 
"Food processing" , 4 , 
"Food" , 6 , 
"Foot" , 1 , 
"Football League Championship" , 1 , 
"Football" , 2 , 
"Foreclosure" , 4 , 
"Forensic science" , 1 , 
"Fort Defiance" , 1 , 
"Forum" , 1 , 
"Foster care adoption" , 2 , 
"Foster care" , 13 , 
"Fosterage" , 2 , 
"Foul ball" , 1 , 
"Fountain" , 1 , 
"Fourth Amendment to the United States Constitution" , 1 , 
"Fourth grade" , 1 , 
"Franklin D. Roosevelt" , 3 , 
"Fraud" , 1 , 
"Freedom of religion" , 1 , 
"Freestyle swimming" , 1 , 
"Freeway" , 19 , 
"French Revolution" , 1 , 
"Fruit" , 2 , 
"Fuel economy in automobiles" , 1 , 
"Fuel tax" , 3 , 
"Function" , 1 , 
"Funding" , 3 , 
"Fundraising" , 9 , 
"Funeral home" , 3 , 
"Funeral" , 4 , 
"Future" , 2 , 
"GDP deflator" , 1 , 
"Gambling" , 2 , 
"Game" , 2 , 
"Games" , 1 , 
"Gang" , 1 , 
"Gannett Company" , 1 , 
"Gasoline" , 5 , 
"Gender" , 5 , 
"Genealogy" , 3 , 
"General Register Office" , 2 , 
"General contractor" , 1 , 
"General election" , 16 , 
"General obligation bond" , 1 , 
"General" , 2 , 
"Generally Accepted Accounting Principles" , 9 , 
"Genetics" , 1 , 
"Geodesy" , 1 , 
"Geology" , 1 , 
"George Voinovich" , 3 , 
"Geriatrics" , 2 , 
"Gerontology" , 1 , 
"Gestational age" , 1 , 
"Ghent system" , 4 , 
"Gifted education" , 3 , 
"Gila County, Arizona" , 6 , 
"Gila River" , 2 , 
"Gilder Lehrman Institute of American History" , 1 , 
"Glamour photography" , 1 , 
"Glanzmann's thrombasthenia" , 1 , 
"Global Positioning System" , 2 , 
"Global warming" , 1 , 
"Globalization" , 1 , 
"Glycogenolysis" , 1 , 
"Gold medal" , 1 , 
"Gold" , 1 , 
"Good Conduct Medal" , 1 , 
"Government agency" , 8 , 
"Government finances" , 1 , 
"Government" , 4 , 
"Grade separation" , 1 , 
"Grade" , 7 , 
"Graduation" , 3 , 
"Graham County, Arizona" , 2 , 
"Grammar school" , 2 , 
"Gramophone record" , 2 , 
"Grand River" , 2 , 
"Grand jury" , 2 , 
"Grant" , 13 , 
"Grants" , 2 , 
"Graphic design" , 1 , 
"Grave accent" , 1 , 
"Great Depression" , 2 , 
"Great Lakes" , 4 , 
"Great Seal" , 1 , 
"Green building" , 2 , 
"Greenhouse gas" , 4 , 
"Gross income" , 2 , 
"Gross receipts tax" , 1 , 
"Gross vehicle weight rating" , 1 , 
"Groundwater" , 2 , 
"Guard" , 2 , 
"Guest ranch" , 1 , 
"Guild" , 1 , 
"Guinness World Records" , 1 , 
"Gun laws in the United States" , 3 , 
"Gun politics" , 4 , 
"Gun" , 1 , 
"Gymnasium" , 2 , 
"Gymnastics" , 1 , 
"HIV" , 1 , 
"HVAC" , 1 , 
"Habeas corpus" , 1 , 
"Habitat conservation" , 1 , 
"Hair" , 1 , 
"Hallmark Cards" , 1 , 
"Handgun" , 2 , 
"Hawaii" , 1 , 
"Hazardous waste" , 4 , 
"Head coach" , 1 , 
"Headache" , 1 , 
"Headgear" , 1 , 
"Headlamp" , 1 , 
"Health care in the United States" , 1 , 
"Health care provider" , 74 , 
"Health care" , 190 , 
"Health disparities" , 2 , 
"Health economics" , 39 , 
"Health education" , 1 , 
"Health informatics" , 1 , 
"Health insurance" , 53 , 
"Health maintenance organization" , 3 , 
"Health savings account" , 1 , 
"Health science" , 7 , 
"Health" , 35 , 
"Healthcare occupations" , 12 , 
"Healthcare reform" , 9 , 
"Healthcare" , 19 , 
"Hearing impairment" , 2 , 
"Hearing" , 4 , 
"Heavyweight" , 1 , 
"Hebrew language" , 1 , 
"Hedge fund" , 2 , 
"Helen Jones-Kelley" , 1 , 
"Helmet" , 1 , 
"Help America Vote Act" , 1 , 
"Henry K. Moeller" , 1 , 
"Herbivore" , 1 , 
"Heroin" , 4 , 
"High School Musical" , 3 , 
"High school diploma" , 6 , 
"High school football" , 8 , 
"High school" , 316 , 
"High-occupancy vehicle lane" , 1 , 
"Higher education" , 59 , 
"Highway" , 1 , 
"Hirschsprung's disease" , 1 , 
"Hispanic and Latino Americans" , 3 , 
"History of radio" , 1 , 
"Holiday" , 1 , 
"Holidays in the United States" , 1 , 
"Home insurance" , 2 , 
"Home" , 1 , 
"Homeless shelter" , 1 , 
"Homelessness" , 1 , 
"Homeopathy" , 1 , 
"Homestead exemption" , 3 , 
"Homosexuality" , 1 , 
"Honey" , 1 , 
"Honour" , 1 , 
"Hormonal contraception" , 1 , 
"Horse racing" , 3 , 
"Horse" , 2 , 
"Hospice" , 1 , 
"Hospital" , 5 , 
"Hotel" , 3 , 
"House of Lords" , 46 , 
"House of Representatives" , 19 , 
"Household income in the United States" , 10 , 
"Housing" , 2 , 
"Houston" , 1 , 
"Human anatomy" , 1 , 
"Human body" , 3 , 
"Human sexual behavior" , 14 , 
"Human sexuality" , 6 , 
"Human skin color" , 1 , 
"Human trafficking" , 3 , 
"Human" , 1 , 
"Humans" , 1 , 
"Humid subtropical climate" , 2 , 
"Hunting" , 5 , 
"Huntington Park" , 1 , 
"Huntington, West Virginia" , 1 , 
"Hurdling" , 5 , 
"Husband" , 1 , 
"Hybrid electric vehicle" , 2 , 
"Hybrid vehicle" , 1 , 
"Hydrocarbon" , 1 , 
"Hydroelectricity" , 1 , 
"Hydrology" , 9 , 
"Hypertension" , 1 , 
"Hypodermic needle" , 1 , 
"IRS tax forms" , 10 , 
"Ice skating" , 1 , 
"Identity document" , 3 , 
"Identity theft" , 3 , 
"Illinois counties" , 5 , 
"Illinois" , 4 , 
"Illness" , 9 , 
"Immigration to the United States" , 5 , 
"Immigration" , 1 , 
"Immune system" , 1 , 
"Immunodeficiency" , 1 , 
"Implementation" , 2 , 
"Improve" , 1 , 
"Improvised explosive device" , 4 , 
"Incarceration" , 4 , 
"Inch" , 1 , 
"Inchoate offense" , 2 , 
"Income tax in the United States" , 27 , 
"Income tax" , 26 , 
"Income" , 8 , 
"Indemnity" , 2 , 
"Indenture" , 1 , 
"Independent agencies of the United States government" , 1 , 
"Independent school" , 2 , 
"Index" , 1 , 
"Indian Child Welfare Act" , 1 , 
"Indian reservation" , 1 , 
"Indiana counties" , 5 , 
"Indiana" , 4 , 
"Indictment" , 1 , 
"Indira Gandhi" , 4 , 
"Indirect tax" , 2 , 
"Individual rights" , 3 , 
"Individual" , 2 , 
"Individualized Education Program" , 1 , 
"Infant" , 2 , 
"Infection" , 2 , 
"Infectious disease" , 13 , 
"Inflammatory bowel disease" , 2 , 
"Influenza vaccine" , 1 , 
"Influenza" , 2 , 
"Information technology" , 2 , 
"Informed consent" , 4 , 
"Infrastructure" , 2 , 
"Inheritance" , 3 , 
"Initial public offering" , 1 , 
"Initiative and referendum" , 2 , 
"Initiative" , 12 , 
"Injection" , 1 , 
"Injunction" , 7 , 
"Injuries" , 1 , 
"Injury" , 1 , 
"Innovation" , 3 , 
"Insanity defense" , 2 , 
"Inspection" , 2 , 
"Inspector General" , 1 , 
"Inspector" , 1 , 
"Instant-runoff voting" , 7 , 
"Insulin" , 1 , 
"Insurance fraud" , 1 , 
"Insurance" , 42 , 
"Intellectual giftedness" , 1 , 
"Interest rate" , 2 , 
"Interest" , 5 , 
"Interior design" , 1 , 
"Intern" , 1 , 
"Internal Revenue Code" , 113 , 
"Internal Revenue Service" , 14 , 
"Internal combustion engine" , 5 , 
"Internal control" , 2 , 
"International Basketball Federation" , 1 , 
"International Electrotechnical Commission" , 1 , 
"International Federation of Red Cross and Red Crescent Societies" , 1 , 
"International Labour Organization" , 1 , 
"International Red Cross and Red Crescent Movement" , 1 , 
"International trade" , 1 , 
"Internet exchange point" , 1 , 
"Internet service provider" , 1 , 
"Internet service providers" , 1 , 
"Internet" , 1 , 
"Internship" , 1 , 
"Interrogation" , 1 , 
"Interstate 10" , 5 , 
"Interstate 90" , 3 , 
"Interstate 95 in Pennsylvania" , 1 , 
"Interstate 95" , 1 , 
"Interstate Highway System" , 13 , 
"Invention" , 2 , 
"Investment" , 15 , 
"Iran" , 1 , 
"Iron" , 2 , 
"Irrigation" , 8 , 
"Israel" , 2 , 
"James Madison" , 1 , 
"Jan Krzysztof Kluk" , 2 , 
"Japan" , 2 , 
"Japanese American internment" , 1 , 
"Jesus" , 1 , 
"Jimmy Carter" , 1 , 
"John Boehner" , 1 , 
"John Cavil" , 3 , 
"John Glenn" , 1 , 
"John Wesley" , 1 , 
"Johnny Appleseed" , 1 , 
"Joint and several liability" , 1 , 
"Joint" , 1 , 
"Journeyman" , 1 , 
"Judaism" , 1 , 
"Judge" , 15 , 
"Judgment" , 1 , 
"Judicial discretion" , 1 , 
"Jurisdiction" , 10 , 
"Jury trial" , 4 , 
"Jury" , 30 , 
"Juvenile delinquency" , 12 , 
"Kefir" , 1 , 
"Kennel club" , 2 , 
"Kentucky counties" , 3 , 
"Kentucky" , 1 , 
"Ketoacidosis" , 1 , 
"Ketone bodies" , 1 , 
"Kidney transplantation" , 1 , 
"Kidney" , 2 , 
"Kilowatt hour" , 1 , 
"Kindergarten" , 3 , 
"Kiwanis" , 4 , 
"Knowledge" , 2 , 
"Koch Industries" , 1 , 
"Kripke semantics" , 1 , 
"LAW" , 1 , 
"Laborer" , 1 , 
"Labour relations" , 4 , 
"Lacrosse" , 3 , 
"Lake County, Ohio" , 3 , 
"Lake Erie" , 3 , 
"Lake Huron" , 2 , 
"Lance Corporal" , 2 , 
"Land use" , 2 , 
"Land value tax" , 9 , 
"Land" , 1 , 
"Landlord" , 7 , 
"Lane" , 5 , 
"Larry Householder" , 1 , 
"Latin" , 1 , 
"Law enforcement agency powers" , 3 , 
"Law enforcement agency" , 62 , 
"Law enforcement in the United States" , 1 , 
"Law enforcement occupations" , 5 , 
"Law enforcement officer" , 9 , 
"Law enforcement" , 4 , 
"Law of the United States" , 5 , 
"Law" , 260 , 
"Lawn mower" , 1 , 
"Lawrence County, Pennsylvania" , 1 , 
"Lawsuit" , 12 , 
"Lawyer" , 10 , 
"Learning disability" , 1 , 
"Learning" , 1 , 
"Lease" , 7 , 
"Leasehold estate" , 9 , 
"Leasing" , 6 , 
"Leave of absence" , 1 , 
"Leave" , 5 , 
"Legal burden of proof" , 1 , 
"Legal codes" , 1 , 
"Legal costs" , 1 , 
"Legal documents" , 1 , 
"Legal ethics" , 2 , 
"Legal guardian" , 1 , 
"Legal person" , 2 , 
"Legal procedure" , 4 , 
"Legal professions" , 13 , 
"Legal terms" , 30 , 
"Legionellosis" , 2 , 
"Legislation" , 7 , 
"Legislative Assembly" , 2 , 
"Legislature" , 382 , 
"Legislatures" , 165 , 
"Lego Mindstorms" , 1 , 
"Lego" , 1 , 
"Legoland" , 1 , 
"Leisure" , 1 , 
"Level crossing" , 2 , 
"Level crossings" , 1 , 
"Liability insurance" , 4 , 
"Liberalism" , 1 , 
"Librarian" , 3 , 
"Library" , 3 , 
"License" , 52 , 
"Licensed Professional Counselor" , 4 , 
"Licensed practical nurse" , 4 , 
"Licenses" , 1 , 
"Licensure" , 13 , 
"Lien" , 11 , 
"Life annuity" , 4 , 
"Life expectancy" , 1 , 
"Life imprisonment" , 3 , 
"Life insurance" , 1 , 
"Light" , 2 , 
"Lighting" , 1 , 
"Lima, Ohio" , 2 , 
"Limited company" , 2 , 
"Limited liability company" , 8 , 
"Limited liability partnership" , 9 , 
"Limited liability" , 3 , 
"Liquor store" , 1 , 
"List" , 1 , 
"Lists" , 1 , 
"Literacy" , 1 , 
"Livestock" , 2 , 
"Loan" , 7 , 
"Local government in the United States" , 6 , 
"Local government" , 19 , 
"Locomotive" , 1 , 
"Long hair" , 1 , 
"Lorain, Ohio" , 2 , 
"Los Angeles County, California" , 1 , 
"Lottery" , 2 , 
"Louisiana Purchase" , 1 , 
"Louisiana" , 22 , 
"Louisville, Kentucky" , 1 , 
"Low-Income Housing Tax Credit" , 3 , 
"Lower house" , 8 , 
"Lucas County, Ohio" , 1 , 
"Lunch" , 1 , 
"Lung cancer" , 1 , 
"Lung" , 1 , 
"Lutein" , 1 , 
"Lyme disease" , 1 , 
"Lymph node" , 1 , 
"Lymphatic system" , 1 , 
"Lyndon B. Johnson" , 2 , 
"Machine code" , 3 , 
"Machine" , 1 , 
"Madrasah" , 5 , 
"Magic constant" , 1 , 
"Magistrate" , 1 , 
"Mahoning County, Ohio" , 1 , 
"Mail" , 1 , 
"Major League Baseball" , 6 , 
"Male" , 3 , 
"Managed care" , 19 , 
"Management occupations" , 1 , 
"Management" , 27 , 
"Managing director" , 1 , 
"Manchester" , 1 , 
"Mandamus" , 3 , 
"Mandatory sentencing" , 2 , 
"Mansfield, Ohio" , 3 , 
"Mantoux test" , 1 , 
"Manufactured housing" , 2 , 
"Manufacturing" , 1 , 
"Map" , 1 , 
"Mara Salvatrucha" , 1 , 
"Maricopa County, Arizona" , 4 , 
"Marion, Ohio" , 1 , 
"Marketing" , 2 , 
"Marriage" , 12 , 
"Maryland" , 2 , 
"Masks" , 1 , 
"Massachusetts" , 9 , 
"Massage" , 2 , 
"Matchmaking" , 1 , 
"Material safety data sheet" , 1 , 
"Material" , 1 , 
"Matthew Holness" , 1 , 
"Maumee River" , 2 , 
"Mayor" , 1 , 
"Meal" , 1 , 
"Meaning of life" , 3 , 
"Means of production" , 1 , 
"Measurement" , 4 , 
"Measuring instrument" , 2 , 
"Meat packing industry" , 1 , 
"Meat processing" , 1 , 
"Meat" , 2 , 
"Mediation" , 1 , 
"Medicaid" , 13 , 
"Medical cannabis" , 10 , 
"Medical ethics" , 3 , 
"Medical genetics" , 1 , 
"Medical laboratory" , 2 , 
"Medical prescription" , 9 , 
"Medical record" , 1 , 
"Medical resident work hours" , 1 , 
"Medical restraint" , 1 , 
"Medical school" , 4 , 
"Medical ultrasonography" , 1 , 
"Medicare" , 7 , 
"Medicine" , 88 , 
"Medley swimming" , 2 , 
"Meeting" , 2 , 
"Meetings" , 2 , 
"Member of Parliament" , 20 , 
"Members of the Ohio House of Representatives" , 1 , 
"Memorial Day" , 2 , 
"Memorial" , 1 , 
"Mental disorder" , 6 , 
"Mental health professional" , 5 , 
"Mental health" , 8 , 
"Mental retardation" , 3 , 
"Metallic silhouette" , 1 , 
"Methane" , 1 , 
"Methodism" , 1 , 
"Metric system" , 1 , 
"Mexican American" , 1 , 
"Mexican–American War" , 1 , 
"Mexico" , 7 , 
"Michigan State University" , 1 , 
"Michigan" , 6 , 
"Middle school" , 3 , 
"Middletown, Ohio" , 1 , 
"Midwestern United States" , 3 , 
"Miles per hour" , 4 , 
"Military base" , 4 , 
"Military of the United States" , 1 , 
"Military organization" , 1 , 
"Military" , 4 , 
"Mineral" , 1 , 
"Minimum wage" , 9 , 
"Mining" , 1 , 
"Minor league baseball" , 2 , 
"Minor" , 1 , 
"Minors and abortion" , 2 , 
"Miranda v. Arizona" , 1 , 
"Miranda warning" , 1 , 
"Miscegenation" , 1 , 
"Misdemeanor" , 50 , 
"Missing Persons" , 1 , 
"Missing person" , 1 , 
"Mississippi River" , 1 , 
"Mobile home" , 10 , 
"Moeller High School" , 1 , 
"Mohave County, Arizona" , 1 , 
"Monarch" , 2 , 
"Money supply" , 1 , 
"Money" , 43 , 
"Montgomery County, Ohio" , 1 , 
"Montgomery, Alabama" , 1 , 
"Monument" , 1 , 
"Moral turpitude" , 1 , 
"Morphine" , 3 , 
"Morrill Land-Grant Colleges Act" , 1 , 
"Mortgage loan" , 7 , 
"Mortgage" , 13 , 
"Mother" , 1 , 
"Motor vehicle" , 25 , 
"Motorized bicycle" , 3 , 
"Motorway" , 10 , 
"Mount Vernon Nazarene University" , 1 , 
"Mouth" , 1 , 
"Mower" , 1 , 
"Municipal solid waste" , 1 , 
"Municipality" , 3 , 
"Murder" , 7 , 
"Museum" , 1 , 
"Musical fountain" , 1 , 
"Mutual fund" , 3 , 
"Myocardial infarction" , 1 , 
"NASA" , 1 , 
"Narcotic" , 7 , 
"National Ambient Air Quality Standards" , 2 , 
"National Association of Intercollegiate Athletics" , 1 , 
"National Basketball Association" , 2 , 
"National Championships" , 1 , 
"National Collegiate Athletic Association" , 2 , 
"National Fire Protection Association" , 1 , 
"National Forensic League" , 1 , 
"National Labor Relations Act" , 1 , 
"National League" , 1 , 
"National School Lunch Act" , 1 , 
"National championship" , 4 , 
"Native American tribes" , 1 , 
"Native Americans in the United States" , 26 , 
"Natural building" , 1 , 
"Natural environment" , 5 , 
"Natural gas" , 8 , 
"Natural resource" , 4 , 
"Navajo County, Arizona" , 1 , 
"Navajo Nation" , 9 , 
"Navy" , 2 , 
"Nazi Germany" , 1 , 
"Nazi Party" , 1 , 
"Negative income tax" , 3 , 
"Neglect" , 13 , 
"Negligence" , 2 , 
"Nephrology" , 2 , 
"Nervous system" , 1 , 
"Neurology" , 1 , 
"Neuropsychiatry" , 1 , 
"Neutering" , 2 , 
"Nevada" , 9 , 
"New Drug Application" , 1 , 
"New Hampshire primary" , 1 , 
"New Jersey" , 1 , 
"New Mexico" , 59 , 
"New York City" , 4 , 
"New York State Route 25A" , 3 , 
"New York State Route 34" , 3 , 
"New York State Route 91" , 1 , 
"New York State Thruway" , 1 , 
"New York" , 2 , 
"New Zealand" , 1 , 
"Newborn screening" , 1 , 
"Newspaper" , 1 , 
"Nicotine" , 10 , 
"Ninth grade" , 3 , 
"Nitroglycerin" , 1 , 
"Nobel Peace Prize" , 1 , 
"Nobel Prize" , 2 , 
"Non-executive director" , 2 , 
"Non-partisan democracy" , 1 , 
"Non-profit organization" , 9 , 
"North Carolina State University" , 3 , 
"Notary public" , 1 , 
"Novelty" , 1 , 
"Nuclear Regulatory Commission" , 1 , 
"Nuclear power" , 3 , 
"Nuisance" , 1 , 
"Nurse anesthetist" , 1 , 
"Nurse practitioner" , 1 , 
"Nursing care plan" , 1 , 
"Nursing home" , 7 , 
"Nursing" , 23 , 
"Nutrition" , 1 , 
"Nymphalidae" , 3 , 
"Oath" , 1 , 
"Obstetrics" , 2 , 
"Occupancy" , 1 , 
"Occupational diseases" , 7 , 
"Occupational health psychology" , 1 , 
"Occupational safety and health" , 7 , 
"Octane rating" , 1 , 
"Off-label use" , 1 , 
"Office of the Inspector General" , 1 , 
"Officer" , 2 , 
"Official" , 1 , 
"Ohio General Assembly" , 1 , 
"Ohio Junior Classical League" , 1 , 
"Ohio River counties" , 1 , 
"Ohio River" , 3 , 
"Ohio State Highway Patrol" , 1 , 
"Ohio State University" , 6 , 
"Ohio counties" , 5 , 
"Ohio" , 153 , 
"Oil well" , 2 , 
"Oklahoma Pardon and Parole Board" , 1 , 
"Online dating service" , 1 , 
"Ontario" , 3 , 
"Operating expense" , 1 , 
"Ophthalmology" , 2 , 
"Opioid" , 4 , 
"Opioids" , 1 , 
"Optical scan voting system" , 2 , 
"Optometry" , 1 , 
"Oral sex" , 2 , 
"Order to show cause" , 2 , 
"Oregon Route 334" , 1 , 
"Oregon" , 2 , 
"Organ donation" , 2 , 
"Organ transplant" , 2 , 
"Organic compound" , 1 , 
"Organizational studies and human resource management" , 2 , 
"Orgasm" , 1 , 
"Original jurisdiction" , 1 , 
"Orphanage" , 4 , 
"Orthotics" , 1 , 
"Otology" , 2 , 
"Ottawa County, Ohio" , 1 , 
"Ottoman Empire" , 2 , 
"Out-of-home advertising" , 1 , 
"Over-the-counter drug" , 1 , 
"Overtime" , 1 , 
"Ownership" , 15 , 
"Oxygen" , 1 , 
"Ozone" , 1 , 
"Packaging" , 2 , 
"Pan American Games" , 1 , 
"Pandemic" , 7 , 
"Paramedic" , 7 , 
"Pardon" , 3 , 
"Parent" , 4 , 
"Parenting" , 6 , 
"Parimutuel betting" , 2 , 
"Park" , 3 , 
"Parking space" , 1 , 
"Parking" , 2 , 
"Parliament" , 24 , 
"Parliamentary procedure" , 3 , 
"Part" , 1 , 
"Partnership" , 1 , 
"Party leaders of the United States Senate" , 1 , 
"Passport" , 7 , 
"Patent application" , 2 , 
"Patent ductus arteriosus" , 1 , 
"Patent" , 8 , 
"Patient" , 18 , 
"Pawnbroker" , 1 , 
"Payment" , 8 , 
"Payroll" , 1 , 
"Peace" , 1 , 
"Peak oil" , 1 , 
"Pediatrics" , 2 , 
"Penalty" , 1 , 
"Pendleton, Oregon" , 1 , 
"Penis" , 1 , 
"Pennsylvania" , 4 , 
"Penology" , 6 , 
"Pension fund" , 1 , 
"Pension" , 15 , 
"Pentathlon" , 2 , 
"People from New York City" , 1 , 
"Permit" , 5 , 
"Person" , 6 , 
"Personal documents" , 2 , 
"Personal finance" , 3 , 
"Personal identification" , 1 , 
"Personal property" , 15 , 
"Personal protective equipment" , 1 , 
"Personality psychology" , 1 , 
"Pesticide" , 3 , 
"Pet" , 2 , 
"Petroleum" , 9 , 
"Pharmacist" , 7 , 
"Pharmacology" , 23 , 
"Pharmacy Benefit Management" , 4 , 
"Pharmacy technician" , 1 , 
"Pharmacy" , 6 , 
"Phoenix, Arizona" , 134 , 
"Photography" , 2 , 
"Photovoltaics" , 1 , 
"Physical dependence" , 1 , 
"Physical examination" , 3 , 
"Physical therapy" , 3 , 
"Physician assistant" , 3 , 
"Physician" , 22 , 
"Pi" , 1 , 
"Pilcrow" , 3 , 
"Pima County, Arizona" , 2 , 
"Pinal County, Arizona" , 5 , 
"Placodermi" , 1 , 
"Plaintiff" , 6 , 
"Plant" , 2 , 
"Plants" , 2 , 
"Plastic explosive" , 2 , 
"Plat" , 4 , 
"Plea" , 3 , 
"Pleading" , 15 , 
"Pledge of Allegiance" , 1 , 
"Pledge" , 1 , 
"Plumbing fixture" , 1 , 
"Plumbing" , 1 , 
"Plurality voting system" , 10 , 
"Podiatric medical school" , 2 , 
"Podiatry" , 2 , 
"Police brutality" , 2 , 
"Police car" , 1 , 
"Police officer" , 6 , 
"Police" , 113 , 
"Policy" , 1 , 
"Political action committee" , 6 , 
"Political campaign" , 1 , 
"Political corruption" , 1 , 
"Political party" , 5 , 
"Political philosophy" , 2 , 
"Political science" , 2 , 
"Pollinators" , 1 , 
"Pollution" , 2 , 
"Polystyrene" , 1 , 
"Population health" , 1 , 
"Portsmouth" , 1 , 
"Postal system" , 1 , 
"Posttraumatic stress disorder" , 2 , 
"Poverty in the United States" , 3 , 
"Poverty" , 1 , 
"Power of attorney" , 1 , 
"Powerlifting" , 1 , 
"Practice of law" , 1 , 
"Pre-shipment inspection" , 2 , 
"Predatory lending" , 1 , 
"Preferred provider organization" , 1 , 
"Pregnancy" , 20 , 
"Prehistory" , 2 , 
"Premier League" , 1 , 
"Prescott, Arizona" , 1 , 
"Prescription drug" , 2 , 
"President of the United States" , 41 , 
"President pro tempore of the United States Senate" , 1 , 
"President" , 1 , 
"Presiding Officer" , 1 , 
"Pressure vessel" , 1 , 
"Prevailing wage" , 1 , 
"Prevalence" , 1 , 
"Prevention" , 3 , 
"Prima facie" , 1 , 
"Primary education" , 4 , 
"Primary election" , 5 , 
"Primary school" , 1 , 
"Prime number" , 2 , 
"Priority level" , 1 , 
"Priority" , 1 , 
"Prison" , 33 , 
"Privacy" , 2 , 
"Private property" , 4 , 
"Probation" , 3 , 
"Procedural law" , 1 , 
"Procurement" , 5 , 
"Producer" , 1 , 
"Product management" , 1 , 
"Profanity" , 1 , 
"Profession" , 1 , 
"Professional Engineer" , 1 , 
"Professional certification" , 3 , 
"Program" , 2 , 
"Programming language" , 2 , 
"Progressive tax" , 8 , 
"Prohibition" , 2 , 
"Project delivery method" , 1 , 
"Project management" , 5 , 
"Project team" , 1 , 
"Projection" , 1 , 
"Property law" , 12 , 
"Property tax" , 26 , 
"Property taxes" , 1 , 
"Property" , 91 , 
"Proposal" , 5 , 
"Proposals" , 3 , 
"Prosecution" , 4 , 
"Prosecutor" , 2 , 
"Prosthesis" , 1 , 
"Prosthetics" , 1 , 
"Prostitution" , 2 , 
"Proximate and ultimate causation" , 1 , 
"Proximate cause" , 1 , 
"Psychiatric hospital" , 4 , 
"Psychiatry" , 9 , 
"Psychological abuse" , 2 , 
"Psychological manipulation" , 1 , 
"Psychological trauma" , 1 , 
"Psychology" , 5 , 
"Psychotherapy" , 1 , 
"Public Land Survey System" , 3 , 
"Public Service Railway" , 2 , 
"Public finance" , 3 , 
"Public good" , 1 , 
"Public health" , 12 , 
"Public housing" , 1 , 
"Public library" , 3 , 
"Public policy" , 1 , 
"Public records" , 15 , 
"Public relations" , 1 , 
"Public safety" , 5 , 
"Public school" , 27 , 
"Public transport timetable" , 1 , 
"Public transport" , 4 , 
"Public utilities commission" , 2 , 
"Public utilities" , 6 , 
"Public utility" , 21 , 
"Public water system" , 2 , 
"Public" , 9 , 
"Public–private partnership" , 1 , 
"Pulmonology" , 8 , 
"Punitive damages" , 1 , 
"Purchasing" , 2 , 
"Purpose" , 1 , 
"Pygmy owl" , 1 , 
"Pyrotechnics" , 1 , 
"RV park" , 1 , 
"Race" , 6 , 
"Racial segregation" , 1 , 
"Racism" , 2 , 
"Radio" , 1 , 
"Radioactive waste" , 1 , 
"Radon" , 1 , 
"Rail transport" , 3 , 
"Ranch" , 1 , 
"Rape" , 6 , 
"Reading" , 5 , 
"Real estate appraisal" , 1 , 
"Real estate" , 77 , 
"Real property law" , 3 , 
"Real property" , 31 , 
"Reasonable person" , 1 , 
"Recall election" , 1 , 
"Receipt" , 1 , 
"Recidivism" , 7 , 
"Recording" , 1 , 
"Recreation" , 1 , 
"Recreational vehicle" , 7 , 
"Recruitment" , 2 , 
"Recycling" , 1 , 
"Red Devil" , 1 , 
"Redlining" , 2 , 
"Referendum" , 19 , 
"Regiment" , 1 , 
"Register" , 1 , 
"Registered nurse" , 8 , 
"Registrar" , 1 , 
"Regulation" , 2 , 
"Rehabilitation Act of 1973" , 1 , 
"Rehabilitation" , 1 , 
"Reinsurance" , 1 , 
"Release" , 1 , 
"Religion" , 4 , 
"Remainder" , 2 , 
"Remedial education" , 1 , 
"Renal failure" , 1 , 
"Renewable energy" , 13 , 
"Rental agreement" , 7 , 
"Renting" , 21 , 
"Repeal" , 10 , 
"Replacement" , 1 , 
"Replacements" , 1 , 
"Report" , 3 , 
"Reproduction" , 1 , 
"Republic of China" , 1 , 
"Republican Party" , 19 , 
"Request" , 1 , 
"Requirement" , 1 , 
"Reserve Officers' Training Corps" , 1 , 
"Residency" , 1 , 
"Residential area" , 1 , 
"Residential development" , 1 , 
"Resolution" , 13 , 
"Resource" , 1 , 
"Respiratory disease" , 5 , 
"Respiratory physiology" , 1 , 
"Restricted use pesticide" , 1 , 
"Retailing" , 4 , 
"Retirement" , 9 , 
"Revenue bond" , 2 , 
"Revenue" , 7 , 
"Richard Moll" , 2 , 
"Richard Nixon" , 1 , 
"Richland County, Ohio" , 1 , 
"Ride" , 1 , 
"Rifle" , 1 , 
"Rights" , 7 , 
"Risk" , 1 , 
"Road infrastructure" , 3 , 
"Road junction types" , 1 , 
"Road surface marking" , 2 , 
"Road traffic safety" , 1 , 
"Road transport" , 5 , 
"Road" , 33 , 
"Roll over protection structure" , 1 , 
"Roman Senate" , 3 , 
"Roman numerals" , 1 , 
"Romania" , 1 , 
"Ron Hood" , 1 , 
"Rotary International" , 1 , 
"Royal Ulster Constabulary" , 1 , 
"Rulemaking" , 3 , 
"Running" , 3 , 
"Safe Drinking Water Act" , 8 , 
"Safe deposit box" , 1 , 
"Salary" , 2 , 
"Sale" , 2 , 
"Salem, Ohio" , 2 , 
"Sales tax" , 1 , 
"Sales" , 6 , 
"Samuel Anders" , 2 , 
"San Francisco Giants" , 1 , 
"Sandra Day O'Connor" , 1 , 
"Sauna" , 1 , 
"Saving" , 1 , 
"Savings account" , 1 , 
"Savings and loan association" , 1 , 
"Scholarship" , 2 , 
"School bus" , 7 , 
"School choice" , 2 , 
"School counselor" , 4 , 
"School district" , 75 , 
"School districts" , 4 , 
"School library" , 1 , 
"School meal" , 1 , 
"School social worker" , 4 , 
"School terminology" , 1 , 
"School types" , 30 , 
"School" , 85 , 
"Schulze method" , 2 , 
"Science" , 1 , 
"Scientific method" , 2 , 
"Scottsdale, Arizona" , 1 , 
"Seal" , 1 , 
"Seals of the U.S. states" , 1 , 
"Search and rescue" , 1 , 
"Second Amendment to the United States Constitution" , 1 , 
"Secondary education" , 29 , 
"Secondary school" , 10 , 
"Section" , 10 , 
"Securities Act of 1933" , 1 , 
"Securities Exchange Act of 1934" , 1 , 
"Security guard" , 2 , 
"Security police" , 1 , 
"Security" , 2 , 
"Sedona, Arizona" , 1 , 
"Selective Service System" , 1 , 
"Self-advocacy" , 1 , 
"Self-awareness" , 1 , 
"Self-determination" , 1 , 
"Self-incrimination" , 1 , 
"Semi-detached" , 2 , 
"Senate" , 43 , 
"Sentencing" , 1 , 
"Separation of powers" , 9 , 
"Septic tank" , 1 , 
"Sergeant" , 1 , 
"Service of process" , 4 , 
"Service provider" , 5 , 
"Service" , 2 , 
"Sewage treatment" , 6 , 
"Sewage" , 1 , 
"Sex crimes" , 1 , 
"Sex industry" , 1 , 
"Sex offender" , 4 , 
"Sex" , 2 , 
"Sexual abuse" , 4 , 
"Sexual assault" , 1 , 
"Sexual intercourse" , 8 , 
"Sexual orientation" , 4 , 
"Sexually transmitted disease" , 3 , 
"Shall and will" , 1 , 
"Shaving" , 1 , 
"Sheriff" , 8 , 
"Sheriffs in the United States" , 1 , 
"Shiatsu" , 2 , 
"Shift work" , 1 , 
"Shooting range" , 1 , 
"Shooting sports" , 1 , 
"Shoplifting" , 1 , 
"Short Message Service" , 1 , 
"Sibling" , 3 , 
"Sick leave" , 1 , 
"Sign" , 1 , 
"Signature" , 1 , 
"Single-family detached home" , 1 , 
"Single-payer health care" , 1 , 
"Single-track vehicle" , 1 , 
"Single-winner voting system" , 6 , 
"Skin" , 1 , 
"Slavery in the United States" , 1 , 
"Slavery" , 1 , 
"Slot machine" , 1 , 
"Small business" , 3 , 
"Smallmouth bass" , 1 , 
"Smoke detector" , 1 , 
"Smoking cessation" , 2 , 
"Social Security Administration" , 1 , 
"Social Security number" , 2 , 
"Social Security" , 2 , 
"Social insurance" , 1 , 
"Social security" , 2 , 
"Sociology" , 4 , 
"Software testing" , 1 , 
"Soil" , 1 , 
"Solar power" , 1 , 
"Sole proprietorship" , 2 , 
"Solicitation" , 1 , 
"Sound" , 1 , 
"Source code" , 4 , 
"South Pole" , 1 , 
"Sovereign state" , 1 , 
"Space Race" , 1 , 
"Space exploration" , 1 , 
"Speaker of the United States House of Representatives" , 76 , 
"Special education" , 2 , 
"Species" , 8 , 
"Speech and language pathology" , 1 , 
"Speed limit" , 4 , 
"Speed trap" , 1 , 
"Speed" , 1 , 
"Sports medicine" , 2 , 
"Sports terminology" , 1 , 
"Squamous cell carcinoma" , 1 , 
"St. Louis Cardinals" , 1 , 
"Stalking" , 3 , 
"Standard time" , 1 , 
"Star Wars" , 1 , 
"State education agency" , 13 , 
"State highway" , 10 , 
"State of emergency" , 9 , 
"State" , 54 , 
"Statute" , 2 , 
"Statutory law" , 304 , 
"Steny Hoyer" , 2 , 
"Stepfamily" , 1 , 
"Stephen Breyer" , 1 , 
"Still" , 1 , 
"Stipend" , 1 , 
"Stock market" , 1 , 
"Stock" , 2 , 
"Storage tank" , 3 , 
"Stored-value card" , 1 , 
"Strict liability" , 1 , 
"Strike action" , 1 , 
"Student benefit" , 1 , 
"Student financial aid" , 2 , 
"Student information system" , 1 , 
"Student loan" , 1 , 
"Student" , 9 , 
"Styrene" , 1 , 
"Subdivision" , 2 , 
"Subject" , 4 , 
"Subpoena ad testificandum" , 1 , 
"Subpoena duces tecum" , 1 , 
"Subpoena" , 1 , 
"Substance abuse" , 1 , 
"Substitute teacher" , 2 , 
"Successor ordinal" , 1 , 
"Suicide" , 2 , 
"Summary offence" , 1 , 
"Summation" , 4 , 
"Sun tanning" , 1 , 
"Sun" , 1 , 
"Super Bowl" , 2 , 
"Superintendent" , 24 , 
"Supermarket" , 1 , 
"Suppressor" , 1 , 
"Supreme Court of the United States" , 36 , 
"Supreme court" , 1 , 
"Surety bond" , 2 , 
"Surface Mining Control and Reclamation Act of 1977" , 1 , 
"Surface water" , 2 , 
"Surgery" , 8 , 
"Surveying" , 2 , 
"Sustainable energy" , 1 , 
"Sustainable transport" , 2 , 
"Syria" , 2 , 
"Syringe" , 1 , 
"Tap water" , 1 , 
"Target Corporation" , 1 , 
"Tax credits" , 1 , 
"Tax exemption" , 16 , 
"Tax law" , 2 , 
"Tax lien sale" , 2 , 
"Tax refund" , 35 , 
"Tax withholding in the United States" , 1 , 
"Tax" , 143 , 
"Taxation in the United Kingdom" , 2 , 
"Taxation in the United States" , 132 , 
"Taxation" , 54 , 
"Teacher" , 38 , 
"Teaching English as a foreign language" , 3 , 
"Team" , 4 , 
"Technicians" , 1 , 
"Teleconference" , 1 , 
"Telephone" , 2 , 
"Television network" , 1 , 
"Tempe, Arizona" , 2 , 
"Temperature" , 2 , 
"Temporary Assistance for Needy Families" , 6 , 
"Temporary" , 1 , 
"Tennessee counties" , 2 , 
"Termination of employment" , 4 , 
"Terrorism insurance" , 1 , 
"Test method" , 1 , 
"Tetrahydrocannabinol" , 1 , 
"Texas" , 7 , 
"Text messaging" , 1 , 
"Textbook" , 1 , 
"The Action" , 1 , 
"The Age" , 1 , 
"The Caretaker" , 1 , 
"The Class" , 1 , 
"The Clean" , 1 , 
"The Contractor" , 2 , 
"The Creation of Adam" , 1 , 
"The Declaration" , 1 , 
"The Director" , 3 , 
"The Driver" , 1 , 
"The Establishment" , 2 , 
"The Final" , 1 , 
"The Holocaust" , 1 , 
"The Honourable" , 2 , 
"The Order" , 2 , 
"The Passage" , 1 , 
"The Prisoner" , 9 , 
"The Residents" , 2 , 
"The Return" , 2 , 
"The Sale" , 1 , 
"The Successor" , 1 , 
"The Twelfth" , 1 , 
"The Unit" , 1 , 
"The Works" , 1 , 
"Therapy" , 2 , 
"Therm" , 1 , 
"Thermodynamics" , 1 , 
"Thermoplastic" , 1 , 
"Third place playoff" , 1 , 
"Thirteen Colonies" , 1 , 
"Thomas Jefferson" , 21 , 
"Ticket resale" , 1 , 
"Time deposit" , 1 , 
"Time zone" , 1 , 
"Time" , 1 , 
"Tinnitus" , 2 , 
"Tippecanoe High School" , 1 , 
"Tirunesh Dibaba" , 1 , 
"Title" , 6 , 
"Titles" , 1 , 
"Tobacco products" , 8 , 
"Tobacco" , 12 , 
"Toilet" , 1 , 
"Toledo, Ohio" , 4 , 
"Toll road" , 1 , 
"Toll-free telephone number" , 1 , 
"Tomato juice" , 1 , 
"Tomato" , 1 , 
"Toni Morrison" , 1 , 
"Tort law" , 5 , 
"Tort" , 7 , 
"Town" , 12 , 
"Township" , 5 , 
"Track and Field Athletics" , 2 , 
"Track and field athletics" , 9 , 
"Tractor" , 2 , 
"Trade union" , 5 , 
"Trademark" , 1 , 
"Traffic law" , 3 , 
"Traffic light" , 2 , 
"Traffic" , 3 , 
"Trailer park" , 1 , 
"Training" , 2 , 
"Tram" , 3 , 
"Trans-Canada Highway" , 1 , 
"Transgender" , 1 , 
"Transport Layer" , 1 , 
"Transport" , 6 , 
"Traumatic brain injury" , 2 , 
"Travel class" , 1 , 
"Travel trailer" , 5 , 
"Trial" , 6 , 
"Tribe" , 1 , 
"Tribunal" , 2 , 
"Trilobite" , 1 , 
"Trinitrotoluene" , 1 , 
"Trolleybus" , 1 , 
"Truck driver" , 1 , 
"Truck" , 6 , 
"Trucking industry in the United States" , 1 , 
"Trust law" , 1 , 
"Trustee" , 5 , 
"Tuberculosis" , 1 , 
"Tucson, Arizona" , 2 , 
"Twenty-first Amendment to the United States Constitution" , 1 , 
"Twin Galaxies" , 1 , 
"Type I and type II errors" , 1 , 
"Types of business entity" , 10 , 
"Types of companies" , 1 , 
"Types of educational institutions" , 1 , 
"Types of insurance" , 1 , 
"U.S. Customs and Border Protection" , 1 , 
"U.S. Route 2" , 2 , 
"U.S. Route 202" , 3 , 
"U.S. Route 206" , 1 , 
"U.S. Route 23" , 1 , 
"U.S. Route 66" , 2 , 
"U.S. Securities and Exchange Commission" , 3 , 
"U.S. state" , 112 , 
"Uberrima fides" , 1 , 
"Ulcerative colitis" , 2 , 
"Ultraviolet" , 2 , 
"Ulysses S. Grant" , 2 , 
"Underground storage tank" , 3 , 
"Undertaking" , 5 , 
"Underwriting" , 6 , 
"Unemployment benefits" , 9 , 
"Unemployment" , 13 , 
"Uniform Anatomical Gift Act" , 1 , 
"Uniform Certified Public Accountant Examination" , 1 , 
"Unincorporated area" , 4 , 
"Unit load" , 1 , 
"United Church of Christ" , 1 , 
"United Kingdom" , 3 , 
"United Methodist Church" , 1 , 
"United States Air Force" , 3 , 
"United States Army" , 4 , 
"United States Bicentennial" , 1 , 
"United States Bill of Rights" , 2 , 
"United States Capitol" , 2 , 
"United States Census Bureau" , 1 , 
"United States Census" , 4 , 
"United States Code" , 23 , 
"United States Congress" , 153 , 
"United States Constitution" , 74 , 
"United States Court of Claims" , 1 , 
"United States Declaration of Independence" , 4 , 
"United States Department of Defense" , 1 , 
"United States Department of Energy" , 1 , 
"United States Department of Veterans Affairs" , 2 , 
"United States Environmental Protection Agency" , 14 , 
"United States House of Representatives" , 683 , 
"United States Marine Corps" , 1 , 
"United States Navy" , 2 , 
"United States Patent and Trademark Office" , 1 , 
"United States Secretary of State" , 1 , 
"United States Senate Committee on Finance" , 2 , 
"United States Senate" , 174 , 
"United States Statutes at Large" , 2 , 
"United States dollar" , 1 , 
"United States federal legislation" , 7 , 
"United States presidential primary" , 1 , 
"United States" , 689 , 
"United and uniting churches" , 1 , 
"University of Arizona" , 1 , 
"University of Cambridge" , 3 , 
"University of Cincinnati" , 1 , 
"University of Northwestern Ohio" , 1 , 
"University" , 22 , 
"Unmanned Aircraft System" , 2 , 
"Unmanned aerial vehicle" , 2 , 
"Urban area" , 3 , 
"Urinal" , 1 , 
"Use of force" , 1 , 
"Use tax" , 1 , 
"Utah" , 4 , 
"Uterus" , 1 , 
"Utility cooperative" , 1 , 
"Vacation rental" , 3 , 
"Vaccination" , 4 , 
"Vaccine" , 1 , 
"Valedictorian" , 1 , 
"Valuation" , 1 , 
"Value added tax" , 2 , 
"Value" , 2 , 
"Variance" , 2 , 
"Vegetable" , 1 , 
"Vehicle inspection" , 1 , 
"Vehicle law" , 1 , 
"Vehicle registration plate" , 8 , 
"Vehicle" , 43 , 
"Vehicles" , 24 , 
"Vermont" , 2 , 
"Veteran" , 7 , 
"Veterinarian" , 3 , 
"Veterinary chiropractic" , 1 , 
"Veterinary medicine" , 5 , 
"Veterinary professions" , 1 , 
"Veterinary technician" , 3 , 
"Veto" , 36 , 
"Vice President of the United States" , 3 , 
"Victim impact statement" , 1 , 
"Victim" , 5 , 
"Video Lottery Terminal" , 4 , 
"Vietnam Veterans Memorial" , 1 , 
"Vietnam War" , 1 , 
"Village" , 3 , 
"Villages in Ohio" , 2 , 
"Violence against women" , 3 , 
"Violence" , 6 , 
"Virginia" , 4 , 
"Virtual learning environment" , 1 , 
"Virtue" , 4 , 
"Visual acuity" , 1 , 
"Visual perception" , 1 , 
"Vital record" , 1 , 
"Vocational education" , 7 , 
"Vocational school" , 14 , 
"Vodka" , 1 , 
"Voice over Internet Protocol" , 1 , 
"Void" , 1 , 
"Voidable" , 1 , 
"Volatile organic compound" , 1 , 
"Volleyball" , 1 , 
"Voluntary association" , 1 , 
"Volunteer fire department" , 4 , 
"Vote counting system" , 5 , 
"Voter registration" , 6 , 
"Voter turnout" , 17 , 
"Voting system" , 31 , 
"Voting" , 22 , 
"Vulva" , 1 , 
"WASTE" , 1 , 
"WWE Championship" , 1 , 
"Wadge hierarchy" , 1 , 
"Wage" , 16 , 
"Waiver" , 1 , 
"War on Terrorism" , 1 , 
"Warrant" , 1 , 
"Warren County, Kentucky" , 1 , 
"Warren County, Ohio" , 2 , 
"Washington" , 15 , 
"Washington, D.C." , 7 , 
"Waste management" , 1 , 
"Waste" , 4 , 
"Wastewater" , 4 , 
"Water industry" , 3 , 
"Water management" , 12 , 
"Water pollution" , 8 , 
"Water quality" , 7 , 
"Water resources" , 11 , 
"Water supply network" , 1 , 
"Water supply" , 15 , 
"Water well" , 1 , 
"Water" , 36 , 
"Weather" , 1 , 
"Weighted mean" , 1 , 
"West Virginia Intercollegiate Athletic Conference" , 1 , 
"West Virginia" , 5 , 
"Western Apache" , 2 , 
"Westminster system" , 9 , 
"Wheeling, West Virginia" , 1 , 
"Whistleblower Protection Act" , 1 , 
"Whistleblower" , 1 , 
"White American" , 1 , 
"Wholesale" , 1 , 
"Wi-Fi" , 1 , 
"Wife" , 1 , 
"Wild Turkey" , 1 , 
"Wildland fire suppression" , 1 , 
"Will" , 1 , 
"Wills and trusts" , 1 , 
"Wind farm" , 2 , 
"Wind power" , 9 , 
"Wind turbine" , 3 , 
"Windows Registry" , 1 , 
"Wine" , 3 , 
"Winemaker" , 1 , 
"Wireless network" , 1 , 
"Wireless" , 2 , 
"Withdrawal" , 3 , 
"Withholding tax" , 2 , 
"Woman" , 1 , 
"Wood County, Ohio" , 1 , 
"Work in progress" , 2 , 
"Workers' compensation" , 1 , 
"Working class" , 1 , 
"Working time" , 3 , 
"World Games" , 1 , 
"World Health Organization" , 4 , 
"World Universities Debating Championship" , 2 , 
"World War I" , 3 , 
"World War II" , 5 , 
"World energy resources and consumption" , 4 , 
"World" , 1 , 
"Wrestling" , 7 , 
"Wright Flyer" , 2 , 
"Wright brothers" , 3 , 
"Writing" , 1 , 
"Year of birth missing" , 4 , 
"Yeast" , 1 , 
"Youngstown, Ohio" , 5 , 
"Youth detention center" , 4 , 
"Youth" , 2 , 
"Yuma County, Arizona" , 6 , 
"Yuma, Arizona" , 1 , 
"Zionism" , 1 , 
"Zoning" , 5 , 
"Zürich" , 1 , 
