"1948 births", "None"
"1970s music groups", "None"
"2003 invasion of Iraq", "Military"
"401(k)", "Jobs"
"82nd Airborne Division", "Military"
"Abandonment", "Safety"
"Abortion", "Healthcare"
"Abraham Lincoln", "None"
"Abuse", "Safety"
"Academia", "Education"
"Academic degree", "Education"
"Academic term", "Education"
"Access control", "Safety"
"Accountant", "Jobs"
"Accountants", "Jobs"
"Activity", "None"
"Act of Congress", "None"
"Actuarial science", "Jobs"
"Acupressure", "Healthcare"
"Acupuncture", "Healthcare"
"Acupuncture point", "Healthcare"
"Addiction", "Healthcare"
"Addition", "None"
"Address", "None"
"Administrative division", "None"
"Administrative divisions", "None"
"Administrative law", "None"
"Adoption", "Safety"
"Advertising", "Jobs"
"Affirmative defense", "None"
"Affordable housing", "Safety"
"African American", "Racial Justice"
"African people", "Racial Justice"
"Age Discrimination in Employment Act", "Jobs"
"Ageing", "Healthcare"
"Agency", "None"
"Aggravation", "Safety"
"Agricultural experiment station", "Jobs"
"Agricultural machinery", "Jobs"
"Agriculture", "Jobs"
"AIDS", "Healthcare"
"Airbag", "Safety"
"Airborne forces", "Military"
"Air dispersion modeling", "Environment"
"Air pollution", "Environment"
"Airport", "Transportation"
"Air Quality Index", "Environment"
"Akron, Ohio ", "Location"
"Alaska", "Location"
"Alcohol", "Healthcare"
"Alcoholic beverage", "Healthcare"
"Alcohol law", "Healthcare"
"Alford plea", "None"
"Allergy", "Healthcare"
"Allied Health Professions", "Healthcare"
"Alternative dispute resolution", "None"
"Alternative education", "Education"
"Alzheimer's disease", "Healthcare"
"Ambulance", "Healthcare"
"Ambulatory care", "Healthcare"
"Ameiurus", "None"
"American Cancer Society", "Healthcare"
"American Civil War", "None"
"American Dental Association", "Healthcare"
"American football", "None"
"American Legion Auxiliary", "Military"
"American Legion", "Military"
"American National Standards Institute", "None"
"American Quarter Horse", "None"
"American Revolution", "None"
"Ammunition", "Safety"
"Amnesty", "Safety"
"Amputation", "Healthcare"
"Amusement rides", "None"
"Amyloid", "Healthcare"
"Andrew Carnegie", "None"
"Aneurysm", "Healthcare"
"Angelus", "None"
"Animal control officer", "Jobs"
"Animal", "Safety"
"Annexation", "None"
"Annual report", "None"
"Annuity", "None"
"Anthropology", "Jobs"
"Antibiotic", "Healthcare"
"Antique guns", "Safety"
"Apache County, Arizona ", "Location"
"Apartment", "Safety"
"Appalachian Ohio", "Location"
"Appeal", "None"
"Appellate court", "None"
"Apple", "Jobs"
"Applied behavior analysis", "None"
"Apprenticeship", "Jobs"
"Appropriation bill", "None"
"Appropriation", "None"
"Aquifer", "Environment"
"Arbitration", "None"
"Archaeological site", "Jobs"
"Archaeology", "Jobs"
"Architect", "Jobs"
"ARIA Charts", "None"
"Arizona Corporation Commission", "None"
"Arizona counties", "None"
"Arizona Health Care Cost Containment System", "Healthcare"
"Arizona House of Representatives", "None"
"Arizona Legislature", "None"
"Arizona", "Location"
"Arizona Senate", "None"
"Arizona State University", "Education"
"Arizona Supreme Court", "None"
"Armed forces", "Military"
"Arraignment", "None"
"Arrears", "None"
"Arrest", "Safety"
"Arrest warrant", "Safety"
"Arthrodira", "None"
"Arthrogryposis", "Healthcare"
"Artistic gymnastics apparatus", "None"
"Asbestos", "Safety"
"Asian American", "Racial Justice"
"Assault rifle", "Safety"
"Assault", "Safety"
"Assembly language", "None"
"Assessment", "None"
"Asset forfeiture", "None"
"Assignment", "None"
"Assistant party leaders of the United States Senate", "None"
"Assisted living", "Healthcare"
"Associate's degree", "Education"
"Association football", "None"
"Assyrian people", "Racial Justice"
"Asthma", "Healthcare"
"At-grade intersection", "Transportation"
"Atherosclerosis", "Healthcare"
"Athletic trainer", "Healthcare"
"Athletic training", "Healthcare"
"Attachment theory", "None"
"Attorneys general", "None"
"At-will employment", "Jobs"
"Auctioneering", "Jobs"
"Auction", "None"
"Audiogram", "Healthcare"
"Audiology", "Healthcare"
"Auditing", "None"
"Audit", "None"
"Auditory system", "Healthcare"
"Authentication", "None"
"Authorization", "None"
"Autobahn", "Transportation"
"Automated teller machine", "Technology"
"Automation", "Technology"
"Automobile", "Transportation"
"Award", "None"
"Awards and decorations of the United States Air Force", "Military"
"Awards and decorations of the United States Army", "Military"
"Awards and decorations of the United States military", "Military"
"Awareness", "None"
"Ayurveda", "Healthcare"
"Babe Ruth", "None"
"Babysitting", "None"
"Bachelor's degree", "Education"
"Backpacking", "Environment"
"Backstroke", "None"
"Bail", "None"
"Baja California", "Location"
"Balance sheet", "Finances"
"Ballistic missile", "Safety"
"Ballot", "Elections"
"Baltimore", "Location"
"Banking", "Finances"
"Bankruptcy", "Finances"
"Baptism", "None"
"Barack Obama", "None"
"Barber", "Jobs"
"Barrel", "None"
"Barrister", "None"
"Baseball field", "None"
"Baseball", "None"
"Baseball statistics", "None"
"Basketball", "None"
"Bathtub", "None"
"Battery", "None"
"Batting", "None"
"BBC", "None"
"Bed and breakfast", "Transportation"
"Beekeeping", "Jobs"
"Beer", "None"
"Bellville, Ohio", "Location"
"Bench", "None"
"Bench press", "None"
"Bench trial", "None"
"Beneficiary", "Healthcare"
"Benevolent and Protective Order of Elks", "None"
"Benjamin Harrison", "None"
"Better", "None"
"Bicameralism", "None"
"Bicycle helmet", "Safety"
"Bicycle", "Transportation"
"Bidding", "None"
"Big Ten Conference", "None"
"Billboard", "None"
"Bill Clinton", "None"
"Bill", "None"
"Biodiesel", "Environment"
"Biodiversity", "Environment"
"Biometrics", "Healthcare"
"Bird", "Environment"
"Birth certificate", "Healthcare"
"Birth control", "Healthcare"
"Bishop", "None"
"Black people", "Racial Justice"
"Blindness", "Healthcare"
"Blood", "None"
"Blood sport", "None"
"Bluetooth", "None"
"Board of directors", "None"
"Boat", "None"
"Boiler insurance", "None"
"Boiler", "None"
"Bond", "None"
"Bonds", "None"
"Boom barrier", "None"
"Bowl game", "None"
"Boy Scouts of America", "None"
"Braille", "None"
"Brandy", "None"
"Breathing", "Healthcare"
"Brigade", "Military"
"British Misuse of Drugs Act", "Healthcare"
"Broadband Internet access", "Technology"
"Broadband", "Jobs"
"Building code", "None"
"Building engineering", "Jobs"
"Building", "None"
"Building officials", "None"
"Bullet", "Safety"
"Bullying", "Safety"
"Bureau of Land Management", "Environment"
"Burial", "None"
"Bushmeat", "None"
"Business class", "None"
"Business ethics", "None"
"Business law", "None"
"Business", "None"
"Business school", "None"
"Bus", "Transportation"
"Butler County, Ohio", "Location"
"By-election", "Elections"
"C-130 Hercules", "Transportation"
"Cabinet", "None"
"Caffeine", "Healthcare"
"California Institute of Technology", "Education"
"California", "Location"
"Caller ID", "Safety"
"Call for bids", "None"
"Campaign finance in the United States", "None"
"Campaign finance", "None"
"Camping", "None"
"Campsite", "Jobs"
"Canadian Charter of Rights and Freedoms", "None"
"Cancer", "Healthcare"
"Candidate", "None"
"Cannabis", "Healthcare"
"Canton, Ohio", "Location"
"Capacity factor", "None"
"Capital accumulation", "None"
"Capital punishment", "Safety"
"Captive insurance", "None"
"Carbon dioxide", "Environment"
"Carbon", "Environment"
"Carbon monoxide", "Environment"
"Carburetor", "Transportation"
"Cardiology", "Healthcare"
"Caregiver", "Healthcare"
"Care of residents", "Safety"
"Carnegie library", "Education"
"Cartridge", "None"
"Cash balance plan", "None"
"Casino", "Jobs"
"Caspar Weinberger", "None"
"Casualty insurance", "None"
"Catawba Island Township, Ottawa County", "Location"
"Catholic Church", "None"
"Causality", "None"
"Cease and desist", "None"
"Cell signaling", "None"
"Celsius", "None"
"Centers for Medicare and Medicaid Services", "Healthcare"
"Centrarchidae", "None"
"Cerebral aneurysm", "Healthcare"
"Cerebral palsy", "Healthcare"
"Certificate authority", "None"
"Certificate of deposit", "None"
"Certified first responder", "None"
"Certified Public Accountant", "None"
"Certified teacher", "Jobs"
"Chairman", "None"
"Champerty and maintenance", "None"
"Champion", "None"
"Championship", "None"
"Charitable organization", "None"
"Charitable trust", "None"
"Charities", "None"
"Charity", "None"
"Charter", "None"
"Charter school", "Education"
"Cheerleading", "None"
"Cheque", "None"
"Chicken", "None"
"Chief executive officer", "Jobs"
"Chief executives", "Jobs"
"Chief of police", "Safety"
"Child abuse", "Safety"
"Childbirth", "Healthcare"
"Child care", "Healthcare"
"Childcare", "Healthcare"
"Child custody", "Safety"
"Childhood", "None"
"Child protection", "Safety"
"Child", "Safety"
"Child sexual abuse", "Safety"
"Child support in the United States", "Safety"
"Child support", "Safety"
"Chiropractic", "Healthcare"
"Christian denomination", "None"
"Christianity", "None"
"Christmas controversy", "None"
"Christopher Nolan", "Healthcare"
"Chronic kidney disease", "Healthcare"
"Cigarette", "Healthcare"
"Cincinnati", "Location"
"Cincinnati Reds", "None"
"City", "None"
"City of Willoughby", "Location"
"Civil and political rights", "None"
"Civil engineering", "Jobs"
"Civil procedure", "None"
"Civil Service Retirement System", "Jobs"
"Civil union", "None"
"Claims adjuster", "Jobs"
"Clean Water Act", "Environment"
"Clerk of the United States House of Representatives", "None"
"Cleveland Browns", "None"
"Cleveland Indians", "None"
"Climate change", "Environment"
"Clinical nurse specialist", "Healthcare"
"Clinical psychology", "Healthcare"
"Clinical trial", "Healthcare"
"Clint Eastwood", "None"
"Coagulopathy", "Healthcare"
"Coal", "Environment"
"Coal mining", "Jobs"
"Coat of arms", "None"
"Cocaine", "Healthcare"
"Coconino County, Arizona", "Location"
"Cohabitation", "Safety"
"Coinsurance", "None"
"Collection agency", "Jobs"
"Collective bargaining", "Jobs"
"Collective investment scheme", "None"
"College athletics", "None"
"College", "Education"
"Colorado", "Location"
"Colorado Plateau", "Location"
"Colorado River", "Environment"
"Columbia, South Carolina", "Location"
"Columbus Clippers", "None"
"Columbus, Ohio", "Location"
"Combined DNA Index System", "Healthcare"
"Coming into force", "None"
"Coming out", "None"
"Commendation Medal", "None"
"Commercial driver's license", "Transportation"
"Commercial vehicle", "Transportation"
"Committee", "None"
"Common-law marriage", "None"
"Common law", "None"
"Communication", "None"
"Community college", "Education"
"Community Health Center", "Healthcare"
"Community", "None"
"Commutation of sentence", "None"
"Compiler", "None"
"Complaint", "None"
"Compressed natural gas", "Environment"
"Computer file", "None"
"Computer", "None"
"Computer programming", "Jobs"
"Computer program", "None"
"Computer science", "Jobs"
"Computer security", "Safety"
"Computer software", "None"
"Concealed carry in the United States", "Safety"
"Conducting", "None"
"Confederate States of America", "None"
"Confidentiality", "None"
"Conflict of interest", "None"
"Congregational church", "None"
"Connecticut", "Location"
"Consanguinity", "None"
"Conscription in the United States", "None"
"Conscription", "None"
"Conservation biology", "Environment"
"Conservation", "Environment"
"Conservation movement", "Environment"
"Constable", "None"
"Constitutional amendment", "None"
"Constitution", "None"
"Construction", "Jobs"
"Construction permit", "Jobs"
"Consumer fireworks", "Safety"
"Consumer", "None"
"Consumer protection", "Safety"
"Containers", "None"
"Continental Army", "None"
"Contingent fee", "None"
"Continuing education", "Education"
"Contract law", "None"
"Contract", "None"
"Contractual term", "None"
"Controlled Substances Act", "Healthcare"
"Conversion of units", "None"
"Conviction", "None"
"Cooperative education", "Education"
"Coral reef", "Environment"
"Cordless telephone", "None"
"Coroner", "None"
"Corporal", "None"
"Corporate governance", "None"
"Corporate tax", "Taxes"
"Corporate title", "None"
"Corporation", "None"
"Corrections", "Safety"
"Cost", "None"
"Counseling", "Healthcare"
"County commission", "None"
"County council", "None"
"County", "None"
"Course credit", "Education"
"Course", "Education"
"Court", "None"
"Court reporter", "None"
"Coverdell Education Savings Account", "Education"
"Cowboy", "Jobs"
"Credential", "None"
"Credit card", "None"
"Credit history", "None"
"Credit", "None"
"Creditor", "None"
"Credit rating", "None"
"Credit score", "None"
"Credit union", "Jobs"
"Cremation", "Healthcare"
"Crime", "Safety"
"Crimes", "Safety"
"Criminal justice", "None"
"Criminal law", "None"
"Criminal procedure", "None"
"Criminal record", "None"
"Criminology", "Safety"
"Crisis management", "Healthcare"
"Crohn's disease", "Healthcare"
"Cross country running", "None"
"Cruelty to animals", "Safety"
"Cubic foot", "None"
"Curriculum", "Education"
"Custodian", "Jobs"
"Customer service", "Jobs"
"Cuyahoga County, Ohio", "Location"
"Cuyahoga Falls, Ohio", "Location"
"Cuyahoga River", "Location"
"Cycling", "None"
"Damages", "None"
"Damage waiver", "None"
"Danaus", "None"
"Dance", "None"
"Data center", "Jobs"
"Data management", "Jobs"
"Data", "None"
"Dating", "Safety"
"Dating system", "None"
"David Wain", "None"
"Day care", "Healthcare"
"Daylight saving time", "Jobs"
"Dayton, Ohio", "Location"
"Deadly force", "Safety"
"Death certificate", "Healthcare"
"Death customs", "None"
"Death penalty", "Safety"
"Death", "Safety"
"Debate", "None"
"Debit card", "None"
"Debt", "None"
"Debtor", "None"
"Decision making", "None"
"Decision making software", "None"
"Decision theory", "None"
"Declaratory judgment", "None"
"Deductible", "None"
"Defamation", "None"
"Deferred compensation", "Jobs"
"Defiance, Ohio", "Location"
"Deficit irrigation", "Environment"
"Delaware", "Location"
"Delta Sigma Theta", "None"
"Democracy", "None"
"Democratic Party", "None"
"Demography", "Racial Justice"
"Dendrochronology", "Environment"
"Dental assistant", "Healthcare"
"Dental auxiliary", "Healthcare"
"Dental hygienist", "Healthcare"
"Dental technician", "Healthcare"
"Dental therapist", "Healthcare"
"Dentistry", "Healthcare"
"Deposit account", "None"
"Deposit insurance", "None"
"Deposit Interest Retention Tax", "Taxes"
"Depreciation", "None"
"Deputy sheriff", "Safety"
"Determinacy", "None"
"Determination", "None"
"Development aid", "None"
"Developmental disability", "Healthcare"
"Devonian", "None"
"Diabetes", "Healthcare"
"Diabetes mellitus", "Healthcare"
"Diabetes mellitus type 1", "Healthcare"
"Diabetic ketoacidosis", "Healthcare"
"Diesel fuel", "Transportation"
"Digital signature", "None"
"Diploma", "Education"
"Dipping tobacco", "Healthcare"
"Disability", "Healthcare"
"Disability insurance", "Healthcare"
"Discrimination", "Racial Justice"
"Disease", "Healthcare"
"Dispatcher", "Jobs"
"Dispensary", "Healthcare"
"Dispute resolution", "None"
"Distillation", "None"
"Distilled beverage", "Healthcare"
"Distributor", "None"
"District", "None"
"Diverging diamond interchange", "Transportation"
"Diving", "None"
"Division I", "None"
"Divorce", "None"
"DNA", "Healthcare"
"Doctor of Medicine", "Healthcare"
"Doctor-patient relationship", "Healthcare"
"Doctor Who", "None"
"Dog", "None"
"Dogs", "None"
"Dolly Parton", "None"
"Domestication", "None"
"Domestic violence", "Safety"
"Doula", "Healthcare"
"Dower", "None"
"Down syndrome", "Healthcare"
"DRE voting machine", "Elections"
"Drinking water", "Environment"
"Driver's education", "Transportation"
"Driver's license", "Transportation"
"Driving test", "Transportation"
"Driving", "Transportation"
"Drop", "None"
"Drug addiction", "Healthcare"
"Drug control law", "Healthcare"
"Drug", "Healthcare"
"Drug paraphernalia", "Healthcare"
"Drugs", "Healthcare"
"Dunkleosteus", "None"
"DVD region code", "None"
"Dynamite", "Safety"
"Dyslexia", "Healthcare"
"Ear", "Healthcare"
"Early childhood education", "Education"
"Earned Income Tax Credit", "Taxes"
"Earned run", "None"
"Easement", "None"
"East Africa", "Racial Justice"
"Eastern Europe", "Racial Justice"
"Economic development", "Jobs"
"Economics", "None"
"Economics terminology", "None"
"Educational assessment and evaluation", "Education"
"Educational psychology", "Education"
"Educational stages", "Education"
"Educational years", "Education"
"Education and training occupations", "Jobs"
"Education", "Education"
"Education in the United States", "Education"
"Efficient energy use", "Environment"
"Egg", "None"
"Egg white", "None"
"Egg yolk", "None"
"Election law", "Elections"
"Election", "Elections"
"Elections in the United States", "Elections"
"Elections", "Elections"
"Electoral College", "Elections"
"Electric charge", "Technology"
"Electricity distribution", "Environment"
"Electric power transmission", "Environment"
"Electric utility", "Environment"
"Electric vehicle", "Transportation"
"Electronic cigarette", "Healthcare"
"Electronic engineering", "Jobs"
"Electronic funds transfer", "Technology"
"Electronics", "Technology"
"Electronic tagging", "None"
"Electronic voting", "Elections"
"Elementary school", "Education"
"Elevator", "Transportation"
"Emancipation of minors", "Safety"
"Embalming", "Healthcare"
"Embryo", "Healthcare"
"Emergency management", "Safety"
"Emergency medical services", "Healthcare"
"Emergency medical technician", "Healthcare"
"Emergency medicine", "Healthcare"
"Emergency physician", "Healthcare"
"Emergency service", "Healthcare"
"Emergency shelter", "Safety"
"Eminent domain", "None"
"Emission standards", "Transportation"
"Employee benefit", "Jobs"
"Employment compensation", "Jobs"
"Employment", "Jobs"
"Endangered Species Act", "Environment"
"Endangered species", "Environment"
"Energy", "Environment"
"Energy conservation", "Environment"
"Energy crisis", "Environment"
"Energy policy", "Environment"
"Energy Policy Act of 2005", "Environment"
"Engineering", "Jobs"
"English-language films", "None"
"English language", "None"
"Entertainment", "Jobs"
"Entrepreneurship", "Jobs"
"Envelope", "None"
"Environmental engineering", "Environment"
"Environmentalism", "Environment"
"Environment", "Environment"
"Epidemic", "Healthcare"
"Epidemiology", "Healthcare"
"Epilepsy", "Healthcare"
"Epinephrine", "Healthcare"
"Epistemology", "Healthcare"
"Equal Employment Opportunity Commission", "Jobs"
"Equals sign", "None"
"Equitable remedy", "None"
"Equity", "None"
"Escape", "Safety"
"Estate", "None"
"Ethanol", "Transportation"
"Ethanol fuel", "Transportation"
"Ethics", "None"
"Ethnic group", "Racial Justice"
"European Union", "Location"
"Europe", "Location"
"Evaluation", "None"
"Evanston, Illinois", "Location"
"Evaporative cooler", "None"
"Event planning", "Jobs"
"Evidence", "None"
"Executive director", "None"
"Executive officer", "None"
"Ex parte", "None"
"Expense", "None"
"Exploitation", "Safety"
"Explosive material", "Safety"
"Explosive Ordnance Disposal Badge", "Safety"
"Expropriation", "None"
"Extenuating circumstances", "None"
"External auditor", "None"
"Extracurricular activity", "None"
"Extreme weather", "Environment"
"Facility management", "Environment"
"Fahrenheit", "None"
"Fair Credit Reporting Act", "None"
"Fair Labor Standards Act", "Jobs"
"Fairport Harbor, Ohio", "Location"
"Fallacy", "None"
"Family and Medical Leave Act of 1993", "Healthcare"
"Family law", "None"
"Family", "None"
"Father", "None"
"Federal agency", "None"
"Federal Bureau of Investigation", "Safety"
"Federal Communications Commission", "None"
"Federal Election Campaign Act", "None"
"Federal Employees Health Benefits Program", "Healthcare"
"Federal Employees Retirement System", "Jobs"
"Federal government of the United States", "None"
"Federal holidays in the United States", "None"
"Federal Home Loan Banks", "None"
"Federal Housing Administration", "Safety"
"Federal Motor Vehicle Safety Standard 108", "Safety"
"Federal", "None"
"Federal Register", "None"
"Federal Reserve System", "None"
"Federal Rules of Civil Procedure", "None"
"Federal Unemployment Tax Act", "Taxes"
"Fee", "None"
"Fee simple", "None"
"Felony", "None"
"Female", "None"
"Fentanyl", "Healthcare"
"Ferric", "None"
"Ferrous", "None"
"Fertility", "Healthcare"
"Fetus", "Healthcare"
"Fiduciary", "Finances"
"File sharing", "Technology"
"Filmmaking", "Jobs"
"Film", "None"
"Finance", "Finances"
"Financial aid", "Education"
"Financial audit", "Finances"
"Financial institution", "Finances"
"Financial reinsurance", "Finances"
"Financial services", "Finances"
"Financial statements", "Finances"
"Findlay, Ohio", "Location"
"Fine", "None"
"Fingerprint", "None"
"Fire apparatus", "Safety"
"Firearm Owners Protection Act", "Safety"
"Firearm", "Safety"
"Fire department", "Safety"
"Firefighter", "Safety"
"Firefighting", "Safety"
"Fire protection", "Safety"
"Fireteam", "None"
"Fireworks", "Safety"
"First Amendment to the United States Constitution", "None"
"First flying machine", "Transportation"
"FIRST Lego League", "Education"
"Fiscal year", "None"
"Fisheries management", "Environment"
"Fishing", "Environment"
"Fish", "Environment"
"Five-year survival rate", "Healthcare"
"Fixed rate mortgage", "Finances"
"Flag of the United States", "None"
"Floating wind turbine", "Environment"
"Florence, Arizona", "Location"
"Flower", "None"
"Flowers", "None"
"Following", "None"
"Food and Drug Administration", "Healthcare"
"Food coloring", "None"
"Food industry", "Jobs"
"Food", "None"
"Food processing", "Jobs"
"Football League Championship", "None"
"Football", "None"
"Foot", "None"
"Foreclosure", "None"
"Forensic science", "None"
"Fort Defiance", "Location"
"Forum", "None"
"Fosterage", "Safety"
"Foster care adoption", "Safety"
"Foster care", "Safety"
"Foul ball", "None"
"Fountain", "None"
"Fourth Amendment to the United States Constitution", "Safety"
"Fourth grade", "Education"
"Franklin D. Roosevelt", "None"
"Fraud", "None"
"Freedom of religion", "None"
"Freestyle swimming", "None"
"Freeway", "Transportation"
"French Revolution", "None"
"FRP tanks and vessels", "None"
"Fruit", "None"
"Fuel economy in automobiles", "Transportation"
"Fuel tax", "Transportation"
"Function", "None"
"Funding", "None"
"Fundraising", "None"
"Funeral", "None"
"Funeral home", "Healthcare"
"Future", "None"
"Gambling", "None"
"Game", "None"
"Games", "None"
"Gang", "Safety"
"Gannett Company", "None"
"Gasoline", "Transportation"
"GDP deflator", "Jobs"
"Gender", "None"
"Genealogy", "None"
"General contractor", "Jobs"
"General election", "Elections"
"Generally Accepted Accounting Principles", "Finances"
"General", "None"
"General obligation bond", "None"
"General Register Office", "None"
"Genetics", "Healthcare"
"Geodesy", "None"
"Geology", "Environment"
"George Voinovich", "None"
"Geriatrics", "Healthcare"
"Gerontology", "Healthcare"
"Gestational age", "Healthcare"
"Ghent system", "Jobs"
"Gifted education", "Education"
"Gila County, Arizona", "Location"
"Gila River", "Location"
"Gilder Lehrman Institute of American History", "None"
"Glamour photography", "None"
"Glanzmann's thrombasthenia", "Healthcare"
"Globalization", "Jobs"
"Global Positioning System", "Transportation"
"Global warming", "Environment"
"Glycogenolysis", "Healthcare"
"Gold medal", "None"
"Gold", "None"
"Good Conduct Medal", "None"
"Government agency", "None"
"Government finances", "None"
"Government", "None"
"Grade", "None"
"Grade separation", "Transportation"
"Graduation", "Education"
"Graham County, Arizona", "Location"
"Grammar school", "Education"
"Gramophone record", "None"
"Grand jury", "None"
"Grand River", "Location"
"Grant", "None"
"Grants", "None"
"Graphic design", "None"
"Grave accent", "None"
"Great Depression", "None"
"Great Lakes", "Location"
"Great Seal", "None"
"Green building", "Environment"
"Greenhouse gas", "Environment"
"Gross income", "Jobs"
"Gross receipts tax", "Taxes"
"Gross vehicle weight rating", "Transportation"
"Groundwater", "Environment"
"Guard", "Safety"
"Guest ranch", "Safety"
"Guild", "None"
"Guinness World Records", "None"
"Gun laws in the United States", "Safety"
"Gun politics", "Safety"
"Gun", "Safety"
"Gymnasium", "None"
"Gymnastics", "None"
"Habeas corpus", "None"
"Habitat conservation", "Environment"
"Hair", "None"
"Hallmark Cards", "None"
"Handgun", "Safety"
"Hawaii", "Location"
"Hazardous waste", "Environment"
"Headache", "Healthcare"
"Head coach", "None"
"Headgear", "None"
"Headlamp", "None"
"Health care", "Healthcare"
"Healthcare", "Healthcare"
"Health care in the United States", "Healthcare"
"Healthcare occupations", "Jobs"
"Health care provider", "Healthcare"
"Healthcare reform", "Healthcare"
"Health disparities", "Healthcare"
"Health economics", "Healthcare"
"Health education", "Healthcare"
"Health", "Healthcare"
"Health informatics", "Healthcare"
"Health insurance", "Healthcare"
"Health maintenance organization", "Healthcare"
"Health savings account", "Healthcare"
"Health science", "Healthcare"
"Hearing", "Healthcare"
"Hearing impairment", "Healthcare"
"Heavyweight", "None"
"Hebrew language", "None"
"Hedge fund", "None"
"Helen Jones-Kelley", "None"
"Helmet", "Safety"
"Help America Vote Act", "None"
"Henry K. Moeller", "None"
"Herbivore", "None"
"Heroin", "Healthcare"
"Higher education", "Education"
"Higher education in the United States", "Education"
"High-occupancy vehicle lane", "Transportation"
"High school diploma", "Education"
"High school", "Education"
"High school football", "None"
"High School Musical", "None"
"Highway", "Transportation"
"Hirschsprung's disease", "Healthcare"
"Hispanic and Latino Americans", "Racial Justice"
"Historically black colleges and universities", "Racial Justice"
"History of radio", "None"
"HIV", "Healthcare"
"Holiday", "None"
"Holidays in the United States", "None"
"Home insurance", "None"
"Homelessness", "Safety"
"Homeless shelter", "Safety"
"Homeopathy", "Healthcare"
"Home", "Safety"
"Homestead exemption", "None"
"Homosexuality", "None"
"Honey", "None"
"Honour", "None"
"Hormonal contraception", "Healthcare"
"Horse", "None"
"Horse racing", "Jobs"
"Hospice", "Healthcare"
"Hospital", "Healthcare"
"Hotel", "Transportation"
"Household income in the United States", "Jobs"
"House of Lords", "None"
"House of Representatives", "None"
"Housing", "Safety"
"Houston", "Location"
"Human anatomy", "Healthcare"
"Human body", "Healthcare"
"Human", "None"
"Human sexual behavior", "Healthcare"
"Human sexuality", "Healthcare"
"Human skin color", "Racial Justice"
"Humans", "None"
"Human trafficking", "Safety"
"Humid subtropical climate", "Environment"
"Hunting", "None"
"Huntington Park", "Location"
"Huntington, West Virginia", "Location"
"Hurdling", "None"
"Husband", "None"
"HVAC", "None"
"Hybrid electric vehicle", "Transportation"
"Hybrid vehicle", "Transportation"
"Hydrocarbon", "Environment"
"Hydroelectricity", "Environment"
"Hydrology", "Jobs"
"Hypertension", "Healthcare"
"Hypodermic needle", "Healthcare"
"Ice skating", "None"
"Identity document", "None"
"Identity theft", "Safety"
"Illinois counties", "Location"
"Illinois", "Location"
"Illness", "Healthcare"
"Immigration", "Jobs"
"Immigration to the United States", "Jobs"
"Immune system", "Healthcare"
"Immunodeficiency", "Healthcare"
"Implementation", "None"
"Improve", "None"
"Improvised explosive device", "Safety"
"Incarceration", "Safety"
"Inch", "None"
"Inchoate offense", "Safety"
"Income", "Jobs"
"Income tax in the United States", "Taxes"
"Income tax", "Taxes"
"Indemnity", "None"
"Indenture", "None"
"Independent agencies of the United States government", "None"
"Independent school", "Education"
"Index", "None"
"Indiana counties", "Location"
"Indiana", "Location"
"Indian Child Welfare Act", "Safety"
"Indian reservation", "Racial Justice"
"Indictment", "None"
"Indira Gandhi", "None"
"Indirect tax", "Taxes"
"Individualized Education Program", "Education"
"Individual", "None"
"Individual Retirement Account", "Finances"
"Individual rights", "Safety"
"Infant", "Healthcare"
"Infection", "Healthcare"
"Infectious disease", "Healthcare"
"Inflammatory bowel disease", "Healthcare"
"Influenza", "Healthcare"
"Influenza vaccine", "Healthcare"
"Information technology", "Jobs"
"Informed consent", "Healthcare"
"Infrastructure", "Jobs"
"Inheritance", "None"
"Initial public offering", "Jobs"
"Initiative and referendum", "None"
"Initiative", "None"
"Injection", "Healthcare"
"Injunction", "None"
"Injuries", "Safety"
"Injury", "Safety"
"Innovation", "None"
"Insanity defense", "None"
"Inspection", "None"
"Inspector General", "None"
"Inspector", "None"
"Instant-runoff voting", "Elections"
"Insulin", "Healthcare"
"Insurance fraud", "None"
"Insurance", "None"
"Intellectual giftedness", "None"
"Interest", "None"
"Interest rate", "Finances"
"Interior design", "Jobs"
"Internal combustion engine", "Transportation"
"Internal control", "None"
"Internal Revenue Code", "Taxes"
"Internal Revenue Service", "Taxes"
"International Basketball Federation", "None"
"International Electrotechnical Commission", "None"
"International Federation of Red Cross and Red Crescent Societies", "Healthcare"
"International Labour Organization", "Jobs"
"International Red Cross and Red Crescent Movement", "Healthcare"
"International trade", "Jobs"
"Internet exchange point", "Technology"
"Internet", "Technology"
"Internet service provider", "Technology"
"Internet service providers", "Technology"
"Intern", "Jobs"
"Internship", "Jobs"
"Interrogation", "None"
"Interstate 10", "Transportation"
"Interstate 90", "Transportation"
"Interstate 95 in Pennsylvania", "Transportation"
"Interstate 95", "Transportation"
"Interstate Highway System", "Transportation"
"Invention", "Jobs"
"Investment", "Jobs"
"Iran", "Location"
"Iron", "None"
"Irrigation", "Environment"
"IRS tax forms", "Taxes"
"Israel", "Location"
"James Madison", "None"
"Jan Krzysztof Kluk", "None"
"Japanese American internment", "Racial Justice"
"Japan", "Location"
"Jimmy Carter", "None"
"John Boehner", "None"
"John Cavil", "None"
"John Glenn", "None"
"Johnny Appleseed", "None"
"John Wesley", "None"
"Joint and several liability", "None"
"Joint", "None"
"Journeyman", "Jobs"
"Judaism", "None"
"Judge", "None"
"Judgment", "None"
"Judicial discretion", "None"
"Jurisdiction", "None"
"Jury", "None"
"Jury trial", "None"
"Juvenile delinquency", "Safety"
"Kefir", "None"
"Kennel club", "None"
"Kentucky counties", "Location"
"Kentucky", "Location"
"Ketoacidosis", "Healthcare"
"Ketone bodies", "Healthcare"
"Kidney", "Healthcare"
"Kidney transplantation", "Healthcare"
"Kilowatt hour", "None"
"Kindergarten", "Education"
"Kiwanis", "None"
"Knowledge", "Education"
"Koch Industries", "Jobs"
"Kripke semantics", "None"
"Laborer", "Jobs"
"Labour relations", "Jobs"
"Lacrosse", "None"
"Lake County, Ohio", "Location"
"Lake Erie", "Location"
"Lake Huron", "Location"
"Lance Corporal", "None"
"Landlord", "Jobs"
"Land", "None"
"Land use", "Environment"
"Land value tax", "Taxes"
"Lane", "None"
"Larry Householder", "None"
"Latin", "None"
"Law enforcement agency powers", "Safety"
"Law enforcement agency", "Safety"
"Law enforcement in the United States", "Safety"
"Law enforcement occupations", "Safety"
"Law enforcement officer", "Safety"
"Law enforcement", "Safety"
"Lawn mower", "Jobs"
"Law", "None"
"LAW", "None"
"Law of the United States", "None"
"Lawrence County, Pennsylvania", "Location"
"Lawsuit", "None"
"Lawyer", "None"
"Learning disability", "Healthcare"
"Learning", "Education"
"Leasehold estate", "None"
"Lease", "None"
"Leasing", "None"
"Leave", "None"
"Leave of absence", "Jobs"
"Legal burden of proof", "None"
"Legal codes", "None"
"Legal costs", "None"
"Legal documents", "None"
"Legal ethics", "None"
"Legal guardian", "Safety"
"Legal person", "None"
"Legal procedure", "None"
"Legal professions", "Jobs"
"Legal terms", "None"
"Legionellosis", "Healthcare"
"Legislation", "None"
"Legislative Assembly", "None"
"Legislature", "None"
"Legislatures", "None"
"Lego", "Education"
"Legoland", "None"
"Lego Mindstorms", "Education"
"Leisure", "None"
"Level crossing", "None"
"Level crossings", "None"
"Liability insurance", "None"
"Liberalism", "None"
"Librarian", "Jobs"
"Library", "Jobs"
"Licensed practical nurse", "Healthcare"
"Licensed Professional Counselor", "Healthcare"
"License", "None"
"Licenses", "None"
"Licensure", "None"
"Lien", "None"
"Life annuity", "None"
"Life expectancy", "Healthcare"
"Life imprisonment", "Safety"
"Life insurance", "None"
"Lighting", "None"
"Light", "None"
"Lima, Ohio", "Location"
"Limited company", "Jobs"
"Limited liability company", "Jobs"
"Limited liability", "None"
"Limited liability partnership", "Jobs"
"Liquor store", "None"
"List", "None"
"Lists", "None"
"Literacy", "Jobs"
"Livestock", "Jobs"
"Loan", "None"
"Local government in the United States", "None"
"Local government", "None"
"Locomotive", "Transportation"
"Long hair", "None"
"Lorain, Ohio", "Location"
"Los Angeles County, California", "Location"
"Lottery", "None"
"Louisiana", "Location"
"Louisiana Purchase", "None"
"Louisville, Kentucky ", "Location"
"Lower house", "None"
"Low-Income Housing Tax Credit", "Taxes"
"Lucas County, Ohio", "Location"
"Lunch", "None"
"Lung cancer", "Healthcare"
"Lung", "Healthcare"
"Lutein", "Healthcare"
"Lyme disease", "Healthcare"
"Lymphatic system", "Healthcare"
"Lymph node", "Healthcare"
"Lyndon B. Johnson", "None"
"Machine code", "None"
"Machine", "None"
"Madrasah", "None"
"Magic constant", "None"
"Magistrate", "None"
"Mahoning County, Ohio", "Location"
"Mail", "None"
"Major League Baseball", "None"
"Male", "None"
"Managed care", "Healthcare"
"Management", "None"
"Management occupations", "Jobs"
"Managing director", "None"
"Manchester", "Location"
"Mandamus", "None"
"Mandatory sentencing", "None"
"Mansfield, Ohio", "Location"
"Mantoux test", "None"
"Manufactured housing", "Safety"
"Manufacturing", "Jobs"
"Map", "None"
"Mara Salvatrucha", "Safety"
"Maricopa County, Arizona", "Location"
"Marion, Ohio", "Location"
"Marketing", "None"
"Marriage", "None"
"Maryland", "Location"
"Masks", "Healthcare"
"Massachusetts", "Location"
"Massage", "None"
"Matchmaking", "Jobs"
"Material", "None"
"Material safety data sheet", "Safety"
"Matthew Holness", "None"
"Maumee River", "Location"
"Mayor", "None"
"Meal", "None"
"Meaning of life", "None"
"Means of production", "Jobs"
"Measurement", "None"
"Measuring instrument", "None"
"Meat", "None"
"Meat packing industry", "Jobs"
"Meat processing", "Jobs"
"Mediation", "None"
"Medicaid", "Healthcare"
"Medical cannabis", "Healthcare"
"Medical ethics", "Healthcare"
"Medical genetics", "Healthcare"
"Medical laboratory", "Healthcare"
"Medical prescription", "Healthcare"
"Medical record", "Healthcare"
"Medical resident work hours", "Healthcare"
"Medical restraint", "Healthcare"
"Medical school", "Education"
"Medical ultrasonography", "Healthcare"
"Medicare", "Healthcare"
"Medicine", "Healthcare"
"Medley swimming", "None"
"Meeting", "None"
"Meetings", "None"
"Member of Parliament", "None"
"Memorial Day", "None"
"Memorial", "None"
"Mental disorder", "Healthcare"
"Mental health", "Healthcare"
"Mental health professional", "Healthcare"
"Mental retardation", "Healthcare"
"Metallic silhouette", "None"
"Methane", "Environment"
"Methodism", "None"
"Metric system", "None"
"Mexican American", "Racial Justice"
"Mexican–American War", "None"
"Mexico", "Location"
"Michigan", "Location"
"Michigan State University", "Education"
"Middle school", "Education"
"Middletown, Ohio", "Location"
"Midwestern United States", "Location"
"Miles per hour", "Transportation"
"Military base", "Military"
"Military", "Military"
"Military of the United States", "Military"
"Military organization", "Military"
"Mineral", "None"
"Minimum wage", "Jobs"
"Mining", "Jobs"
"Minor league baseball", "None"
"Minor", "None"
"Minors and abortion", "Healthcare"
"Miranda v. Arizona", "Safety"
"Miranda warning", "Safety"
"Miscegenation", "Racial Justice"
"Misdemeanor", "None"
"Missing person", "Safety"
"Missing Persons", "Safety"
"Mississippi River", "Location"
"Mobile home", "Safety"
"Moeller High School", "Education"
"Mohave County, Arizona", "Location"
"Monarch", "None"
"Money", "Finances"
"Money supply", "None"
"Montgomery, Alabama", "Location"
"Montgomery County, Ohio", "Location"
"Monument", "None"
"Moral turpitude", "None"
"Morphine", "Healthcare"
"Morrill Land-Grant Colleges Act", "Environment"
"Mortgage loan", "Finances"
"Mortgage", "Finances"
"Mother", "None"
"Motorized bicycle", "Transportation"
"Motor vehicle", "Transportation"
"Motorway", "Transportation"
"Mount Vernon Nazarene University", "Education"
"Mouth", "None"
"Mower", "None"
"Municipality", "None"
"Municipal solid waste", "Environment"
"Murder", "Safety"
"Museum", "Jobs"
"Musical fountain", "None"
"Mutual fund", "None"
"Myocardial infarction", "Healthcare"
"Narcotic", "Healthcare"
"NASA", "Technology"
"National Ambient Air Quality Standards", "Environment"
"National Association of Intercollegiate Athletics", "None"
"National Basketball Association", "None"
"National championship", "None"
"National Championships", "None"
"National Collegiate Athletic Association", "None"
"National Fire Protection Association", "Safety"
"National Forensic League", "None"
"National Heritage Area", "Environment"
"National Labor Relations Act", "Jobs"
"National League", "None"
"National Park Service", "Environment"
"National School Lunch Act", "Education"
"Native Americans in the United States", "Racial Justice"
"Native American tribes", "Racial Justice"
"Natural building", "None"
"Natural environment", "Environment"
"Natural gas", "Environment"
"Natural resource", "Environment"
"Navajo County, Arizona", "Location"
"Navajo Nation", "Location"
"Navy", "Military"
"Negative income tax", "Taxes"
"Neglect", "Safety"
"Negligence", "Safety"
"Nephrology", "Healthcare"
"Nervous system", "Healthcare"
"Neurology", "Healthcare"
"Neuropsychiatry", "Healthcare"
"Neutering", "None"
"Nevada", "Location"
"Newborn screening", "Healthcare"
"New Drug Application", "Healthcare"
"New Hampshire primary", "None"
"New Jersey", "Location"
"New Mexico", "Location"
"Newspaper", "None"
"New York City", "Location"
"New York", "Location"
"New York State Route 25A", "Transportation"
"New York State Route 34", "Transportation"
"New York State Route 91", "Transportation"
"New York State Thruway", "Transportation"
"New Zealand", "Location"
"Nicotine", "Healthcare"
"Ninth grade", "Education"
"Nitroglycerin", "Safety"
"Nobel Peace Prize", "None"
"Nobel Prize", "None"
"Non-executive director", "Jobs"
"Non-partisan democracy", "None"
"Non-profit organization", "Jobs"
"North Carolina State University", "Education"
"Notary public", "None"
"Novelty", "None"
"Nuclear weapon", "Safety"
"Nuclear power", "Environment"
"Nuclear Regulatory Commission", "Environment"
"Nuisance", "None"
"Nurse anesthetist", "Healthcare"
"Nurse practitioner", "Healthcare"
"Nursing care plan", "Healthcare"
"Nursing", "Healthcare"
"Nursing home", "Healthcare"
"Nutrition", "Healthcare"
"Nymphalidae", "Environment"
"Oath", "None"
"Obstetrics", "Healthcare"
"Occupancy", "None"
"Occupational diseases", "Healthcare"
"Occupational health psychology", "Healthcare"
"Occupational safety and health", "Safety"
"Octane rating", "Transportation"
"Office of the Inspector General", "None"
"Officer", "None"
"Official", "None"
"Off-label use", "Healthcare"
"Ohio counties", "Location"
"Ohio General Assembly", "None"
"Ohio Junior Classical League", "Education"
"Ohio", "Location"
"Ohio River counties", "Location"
"Ohio River", "Location"
"Ohio State Highway Patrol", "Transportation"
"Ohio State University", "Education"
"Oil well", "Environment"
"Oklahoma Pardon and Parole Board", "None"
"Online dating service", "Safety"
"Ontario", "Location"
"Operating expense", "Healthcare"
"Ophthalmology", "Healthcare"
"Opioid", "Healthcare"
"Opioids", "Healthcare"
"Optical scan voting system", "Elections"
"Optometry", "Healthcare"
"Order to show cause", "None"
"Oregon", "Location"
"Oregon Route 334", "Transportation"
"Organ donation", "Healthcare"
"Organic compound", "None"
"Organizational studies and human resource management", "None"
"Organ transplant", "Healthcare"
"Original jurisdiction", "None"
"Orphanage", "Safety"
"Orthotics", "Healthcare"
"Otology", "Healthcare"
"Ottawa County, Ohio", "Location"
"Ottoman Empire", "None"
"Out-of-home advertising", "None"
"Over-the-counter drug", "Healthcare"
"Overtime", "Jobs"
"Ownership", "None"
"Oxygen", "Environment"
"Ozone", "Environment"
"Packaging", "None"
"Pan American Games", "None"
"Pandemic", "Healthcare"
"Paramedic", "Healthcare"
"Pardon", "None"
"Parenting", "Safety"
"Parent", "Safety"
"Parimutuel betting", "Jobs"
"Parking space", "Transportation"
"Parking", "Transportation"
"Park", "None"
"Parliamentary procedure", "None"
"Parliament", "None"
"Partnership", "None"
"Part", "None"
"Party leaders of the United States Senate", "None"
"Passport", "Transportation"
"Patent application", "Jobs"
"Patent ductus arteriosus", "Healthcare"
"Patent", "Jobs"
"Patient", "Healthcare"
"Pawnbroker", "Jobs"
"Payment", "None"
"Payroll", "Jobs"
"Peace", "None"
"Peak oil", "Environment"
"Pediatrics", "Healthcare"
"Penalty", "None"
"Pendleton, Oregon", "Location"
"Pennsylvania", "Location"
"Penology", "None"
"Pension fund", "Jobs"
"Pension", "Jobs"
"Pentathlon", "None"
"People from New York City", "Racial Justice"
"Permit", "None"
"Personal documents", "None"
"Personal finance", "None"
"Personal identification", "None"
"Personality psychology", "Healthcare"
"Personal property", "None"
"Personal protective equipment", "Healthcare"
"Person", "None"
"Pesticide", "Environment"
"Pet", "None"
"Petroleum", "Environment"
"Pharmacist", "Healthcare"
"Pharmacology", "Healthcare"
"Pharmacy Benefit Management", "Healthcare"
"Pharmacy", "Healthcare"
"Pharmacy technician", "Healthcare"
"Phoenix, Arizona", "Location"
"Photography", "Jobs"
"Photovoltaics", "None"
"Physical dependence", "Safety"
"Physical examination", "Healthcare"
"Physical therapy", "Healthcare"
"Physician assistant", "Healthcare"
"Physician", "Healthcare"
"Pilcrow", "None"
"Pima County, Arizona", "Location"
"Pinal County, Arizona", "Location"
"Pi", "None"
"Placodermi", "None"
"Plaintiff", "None"
"Plant", "Environment"
"Plants", "Environment"
"Plastic explosive", "Safety"
"Plat", "None"
"Pleading", "None"
"Plea", "None"
"Pledge", "None"
"Pledge of Allegiance", "None"
"Plumbing fixture", "None"
"Plumbing", "Jobs"
"Plurality voting system", "Elections"
"Podiatric medical school", "Education"
"Podiatry", "Healthcare"
"Police brutality", "Safety"
"Police car", "Safety"
"Police officer", "Safety"
"Police", "Safety"
"Policy", "None"
"Political action committee", "None"
"Political campaign", "None"
"Political corruption", "None"
"Political party", "None"
"Political philosophy", "None"
"Political science", "Jobs"
"Pollinators", "Environment"
"Pollution", "Environment"
"Polystyrene", "Environment"
"Population health", "Healthcare"
"Portsmouth", "Location"
"Postal system", "None"
"Posttraumatic stress disorder", "Healthcare"
"Poverty in the United States", "Jobs"
"Poverty", "Jobs"
"Powerlifting", "None"
"Power of attorney", "None"
"Practice of law", "None"
"Predatory lending", "Safety"
"Preferred provider organization", "Healthcare"
"Pregnancy", "Healthcare"
"Prehistory", "None"
"Premier League", "None"
"Prescott, Arizona", "Location"
"Prescription drug", "Healthcare"
"Pre-shipment inspection", "None"
"President", "None"
"President pro tempore of the United States Senate", "None"
"Presiding Officer", "None"
"Pressure vessel", "None"
"Prevailing wage", "Jobs"
"Prevalence", "None"
"Prevention", "Safety"
"Prima facie", "None"
"Primary education", "Education"
"Primary election", "None"
"Primary school", "Education"
"Prime number", "None"
"Priority level", "None"
"Priority", "None"
"Prison", "None"
"Privacy", "Safety"
"Private property", "None"
"Probation", "Safety"
"Procedural law", "None"
"Procurement", "None"
"Producer", "None"
"Product management", "None"
"Profanity", "Safety"
"Professional certification", "Jobs"
"Professional Engineer", "Jobs"
"Profession", "Jobs"
"Programming language", "Jobs"
"Program", "None"
"Progressive tax", "Taxes"
"Prohibition", "None"
"Project delivery method", "None"
"Projection", "None"
"Project management", "Jobs"
"Project team", "None"
"Property law", "None"
"Property", "None"
"Property taxes", "Taxes"
"Property tax", "Taxes"
"Proposal", "None"
"Proposals", "None"
"Prosecution", "None"
"Prosecutor", "None"
"Prosthesis", "Healthcare"
"Prosthetics", "Healthcare"
"Protected areas of the United States", "Environment"
"Proximate and ultimate causation", "None"
"Proximate cause", "None"
"Psychiatric hospital", "Healthcare"
"Psychiatry", "Healthcare"
"Psychological abuse", "Safety"
"Psychological manipulation", "Safety"
"Psychological trauma", "Safety"
"Psychology", "Healthcare"
"Psychotherapy", "Healthcare"
"Public finance", "None"
"Public good", "None"
"Public health", "Healthcare"
"Public housing", "Safety"
"Public Land Survey System", "Environment"
"Public library", "Education"
"Public", "None"
"Public policy", "None"
"Public–private partnership", "None"
"Public records", "None"
"Public relations", "Jobs"
"Public safety", "Safety"
"Public school", "Education"
"Public Service Railway", "Transportation"
"Public transport timetable", "Transportation"
"Public transport", "Transportation"
"Public utilities commission", "Environment"
"Public utilities", "Environment"
"Public utility", "Environment"
"Public water system", "Environment"
"Pulmonology", "Healthcare"
"Punitive damages", "None"
"Purchasing", "None"
"Purpose", "None"
"Pygmy owl", "Environment"
"Pyrotechnics", "Safety"
"Race", "Racial Justice"
"Racial segregation", "Racial Justice"
"Racism", "Safety"
"Radioactive waste", "Environment"
"Radio", "None"
"Radon", "Environment"
"Rail transport", "Transportation"
"Ranch", "None"
"Rape", "Safety"
"Reading", "Location"
"Real estate appraisal", "None"
"Real estate", "None"
"Real property law", "None"
"Real property", "None"
"Reasonable person", "None"
"Recall election", "None"
"Receipt", "None"
"Recidivism", "Safety"
"Recording", "None"
"Recreational vehicle", "Transportation"
"Recreation", "None"
"Recruitment", "None"
"Recycling", "Environment"
"Red Devil", "None"
"Redlining", "Racial Justice"
"Referendum", "None"
"Regiment", "Military"
"Registered nurse", "Healthcare"
"Register", "None"
"Registrar", "None"
"Regulation", "None"
"Rehabilitation Act of 1973", "Safety"
"Rehabilitation", "Safety"
"Reinsurance", "None"
"Release", "None"
"Religion", "None"
"Remainder", "None"
"Remedial education", "Education"
"Renal failure", "Healthcare"
"Renewable energy", "Environment"
"Rental agreement", "None"
"Renting", "None"
"Repeal", "None"
"Replacement", "None"
"Replacements", "None"
"Report", "None"
"Reproduction", "Healthcare"
"Republican Party", "None"
"Republic of China", "Location"
"Request", "None"
"Requirement", "None"
"Reserve Officers' Training Corps", "Military"
"Residency", "None"
"Residential area", "Safety"
"Residential development", "Safety"
"Resolution", "None"
"Resource", "None"
"Respiratory disease", "Healthcare"
"Respiratory physiology", "Healthcare"
"Restricted use pesticide", "Environment"
"Retailing", "None"
"Retirement", "Jobs"
"Revenue bond", "None"
"Revenue", "None"
"Richard Moll", "None"
"Richard Nixon", "None"
"Richland County, Ohio", "Location"
"Ride", "None"
"Rifle", "Safety"
"Rights", "None"
"Risk", "None"
"Road infrastructure", "Transportation"
"Road junction types", "Transportation"
"Road surface marking", "Transportation"
"Road traffic safety", "Safety"
"Road", "Transportation"
"Road transport", "Transportation"
"Roll over protection structure", "None"
"Romania", "Location"
"Roman numerals", "None"
"Roman Senate", "None"
"Ron Hood", "None"
"Rotary International", "None"
"Royal Ulster Constabulary", "None"
"Rulemaking", "None"
"Running", "None"
"RV park", "Safety"
"Safe deposit box", "None"
"Safe Drinking Water Act", "Environment"
"Salary", "Jobs"
"Salem, Ohio", "Location"
"Sale", "None"
"Sales", "None"
"Sales tax", "Taxes"
"Samuel Anders", "None"
"Sandra Day O'Connor", "None"
"San Francisco Giants", "None"
"Sauna", "Healthcare"
"Saving", "None"
"Savings account", "None"
"Savings and loan association", "None"
"Scholarship", "None"
"School bus", "Transportation"
"School choice", "Education"
"School counselor", "Healthcare"
"School district", "Education"
"School districts", "Education"
"School", "Education"
"School library", "Education"
"School meal", "Education"
"School social worker", "Healthcare"
"School terminology", "Education"
"School types", "Education"
"Schulze method", "None"
"Science", "Jobs"
"Scientific method", "None"
"Scottsdale, Arizona", "Location"
"Seal", "None"
"Seals of the U.S. states", "None"
"Search and rescue", "Safety"
"Second Amendment to the United States Constitution", "Safety"
"Secondary education", "Education"
"Secondary school", "Education"
"Section", "None"
"Securities Act of 1933", "None"
"Securities Exchange Act of 1934", "None"
"Security guard", "None"
"Security police", "None"
"Security", "Safety"
"Sedona, Arizona", "Location"
"Selective Service System", "Military"
"Self-advocacy", "None"
"Self-awareness", "None"
"Self-determination", "None"
"Self-incrimination", "None"
"Semi-detached", "Safety"
"Senate", "None"
"Sentencing", "None"
"Separation of powers", "None"
"Septic tank", "Environment"
"Sergeant", "None"
"Service", "None"
"Service of process", "None"
"Service provider", "None"
"Sewage", "Environment"
"Sewage treatment", "Environment"
"Sex crimes", "Safety"
"Sex offender", "Safety"
"Sexual abuse", "Safety"
"Sexual assault", "Safety"
"Sexually transmitted disease", "Healthcare"
"Sexual orientation", "None"
"Shall and will", "None"
"Shaving", "None"
"Shelter", "Safety"
"Sheriff", "Safety"
"Sheriffs in the United States", "Safety"
"Shiatsu", "Healthcare"
"Shift work", "Jobs"
"Shooting range", "Safety"
"Shooting sports", "None"
"Shoplifting", "None"
"Short Message Service", "None"
"Sibling", "None"
"Sick leave", "Jobs"
"Signature", "None"
"Sign", "None"
"Single-family detached home", "Safety"
"Single-payer health care", "Healthcare"
"Single-track vehicle", "Transportation"
"Single-winner voting system", "Elections"
"Skin", "Racial Justice"
"Slavery in the United States", "Racial Justice"
"Slavery", "Racial Justice"
"Slot machine", "None"
"Small business", "Jobs"
"Smallmouth bass", "Environment"
"Smoke detector", "Safety"
"Smoking cessation", "Healthcare"
"Social insurance", "None"
"Social Security Administration", "Jobs"
"Social security", "Jobs"
"Social Security", "Jobs"
"Social Security number", "Jobs"
"Sociology", "Jobs"
"Software testing", "Technology"
"Soil", "Environment"
"Solar power", "Environment"
"Sole proprietorship", "Jobs"
"Solicitation", "None"
"Sound", "None"
"Source code", "Technology"
"South Pole", "Location"
"Sovereign state", "None"
"Space exploration", "Technology"
"Space Race", "Technology"
"Speaker of the United States House of Representatives", "None"
"Special education", "Education"
"Species", "Environment"
"Speech and language pathology", "Healthcare"
"Speed limit", "Transportation"
"Speed", "None"
"Speed trap", "Transportation"
"Sports medicine", "Healthcare"
"Sports terminology", "None"
"Squamous cell carcinoma", "Healthcare"
"Stalking", "Safety"
"Standard time", "None"
"Star Wars", "Technology"
"State education agency", "Education"
"State highway", "Transportation"
"State", "None"
"State of emergency", "Safety"
"Statute", "None"
"Statutory law", "None"
"Steny Hoyer", "None"
"Stepfamily", "Safety"
"Stephen Breyer", "None"
"Still", "None"
"Stipend", "None"
"St. Louis Cardinals", "None"
"Stock market", "None"
"Stock", "None"
"Storage tank", "Environment"
"Stored-value card", "None"
"Strict liability", "None"
"Strike action", "Jobs"
"Student benefit", "Education"
"Student", "Education"
"Student financial aid", "Education"
"Student information system", "Education"
"Student loan", "Education"
"Styrene", "Environment"
"Subdivision", "None"
"Subject", "None"
"Subpoena ad testificandum", "None"
"Subpoena duces tecum", "None"
"Subpoena", "None"
"Substance abuse", "Healthcare"
"Substitute teacher", "Jobs"
"Successor ordinal", "None"
"Suicide", "Healthcare"
"Summary offence", "None"
"Summation", "None"
"Sun", "None"
"Sun tanning", "None"
"Super Bowl", "None"
"Superintendent", "None"
"Supermarket", "None"
"Suppressor", "None"
"Supreme court", "None"
"Supreme Court of the United States", "None"
"Surety bond", "None"
"Surface Mining Control and Reclamation Act of 1977", "Environment"
"Surface water", "Environment"
"Surgery", "Healthcare"
"Surveying", "Jobs"
"Sustainable energy", "Environment"
"Sustainable transport", "Transportation"
"Syria", "Location"
"Syringe", "Healthcare"
"Tap water", "Environment"
"Target Corporation", "None"
"Taxation in the United Kingdom", "Taxes"
"Taxation in the United States", "Taxes"
"Taxation", "Taxes"
"Tax credits", "Taxes"
"Tax exemption", "Taxes"
"Tax law", "Taxes"
"Tax lien sale", "Taxes"
"Tax", "Taxes"
"Tax refund", "Taxes"
"Tax withholding in the United States", "Taxes"
"Teacher", "Education"
"Teaching English as a foreign language", "Education"
"Team", "None"
"Technicians", "Jobs"
"Teleconference", "Technology"
"Telephone", "None"
"Television network", "None"
"Tempe, Arizona", "Location"
"Temperature", "None"
"Temporary Assistance for Needy Families", "None"
"Temporary", "None"
"Tennessee counties", "Location"
"Termination of employment", "Jobs"
"Terrorism insurance", "Safety"
"Test method", "None"
"Tetrahydrocannabinol", "Healthcare"
"Texas", "Location"
"Textbook", "Education"
"Text messaging", "None"
"The Action", "None"
"The Age", "None"
"The Caretaker", "None"
"The Class", "None"
"The Clean", "None"
"The Contractor", "Jobs"
"The Creation of Adam", "None"
"The Declaration", "None"
"The Director", "None"
"The Driver", "Transportation"
"The Establishment", "None"
"The Final", "None"
"The Honourable", "None"
"The Order", "None"
"The Passage", "None"
"The Prisoner", "Safety"
"Therapy", "Healthcare"
"The Residents", "None"
"The Return", "None"
"Therm", "None"
"Thermodynamics", "None"
"Thermoplastic", "Safety"
"The Sale", "None"
"The Successor", "None"
"The Twelfth", "None"
"The Unit", "None"
"The Works", "None"
"Third place playoff", "None"
"Thirteen Colonies", "None"
"Thomas Jefferson", "None"
"Ticket resale", "None"
"Time deposit", "None"
"Time", "None"
"Time zone", "None"
"Tinnitus", "Healthcare"
"Tippecanoe High School", "Education"
"Tirunesh Dibaba", "None"
"Title", "None"
"Titles", "None"
"Tobacco", "None"
"Tobacco products", "None"
"Toilet", "None"
"Toledo, Ohio", "Location"
"Toll-free telephone number", "None"
"Toll road", "Transportation"
"Tomato juice", "None"
"Tomato", "None"
"Toni Morrison", "None"
"Tort law", "None"
"Tort", "None"
"Town", "None"
"Township", "None"
"Track and field athletics", "None"
"Tractor", "Jobs"
"Trademark", "None"
"Trade union", "Jobs"
"Traffic law", "Transportation"
"Traffic light", "Transportation"
"Traffic", "Transportation"
"Trailer park", "Safety"
"Training", "Jobs"
"Tram", "Transportation"
"Trans-Canada Highway", "Transportation"
"Transgender", "None"
"Transport Layer", "None"
"Transport", "Transportation"
"Traumatic brain injury", "Healthcare"
"Travel class", "None"
"Travel trailer", "None"
"Trial", "None"
"Tribe", "Racial Justice"
"Tribunal", "Racial Justice"
"Trilobite", "None"
"Trinitrotoluene", "None"
"Trolleybus", "Transportation"
"Truck driver", "Transportation"
"Trucking industry in the United States", "Transportation"
"Truck", "Transportation"
"Trustee", "None"
"Trust law", "None"
"Tuberculosis", "Healthcare"
"Tucson, Arizona", "Location"
"Twenty-first Amendment to the United States Constitution", "Healthcare"
"Twin Galaxies", "None"
"Type I and type II errors", "None"
"Types of business entity", "None"
"Types of companies", "None"
"Types of educational institutions", "None"
"Types of insurance", "None"
"Uberrima fides", "None"
"Ulcerative colitis", "Healthcare"
"Ultraviolet", "None"
"Ulysses S. Grant", "None"
"Underground storage tank", "Environment"
"Undertaking", "None"
"Underwriting", "None"
"Unemployment benefits", "Jobs"
"Unemployment", "Jobs"
"Uniform Anatomical Gift Act", "None"
"Uniform Certified Public Accountant Examination", "None"
"Unincorporated area", "Safety"
"United and uniting churches", "None"
"United Church of Christ", "None"
"United Kingdom", "Location"
"United Methodist Church", "None"
"United States Air Force", "Military"
"United States Army", "Military"
"United States Bicentennial", "None"
"United States Bill of Rights", "None"
"United States Capitol", "None"
"United States Census Bureau", "None"
"United States Census", "None"
"United States Code", "None"
"United States Congress", "None"
"United States Constitution", "None"
"United States Court of Claims", "None"
"United States Declaration of Independence", "None"
"United States Department of Defense", "Military"
"United States Department of Energy", "Environment"
"United States Department of Homeland Security", "Safety"
"United States Department of Veterans Affairs", "Military"
"United States dollar", "Finances"
"United States Environmental Protection Agency", "Environment"
"United States Fish and Wildlife Service", "Environment"
"United States Forest Service", "Environment"
"United States federal legislation", "None"
"United States House of Representatives", "None"
"United States", "Location"
"United States Marine Corps", "Military"
"United States National Forest", "Environment"
"United States Navy", "Military"
"United States Patent and Trademark Office", "None"
"United States presidential primary", "None"
"United States Secretary of State", "None"
"United States Senate Committee on Finance", "None"
"United States Senate", "None"
"United States Statutes at Large", "None"
"Unit load", "None"
"University", "Education"
"University of Arizona", "Education"
"University of Cambridge", "Education"
"University of Cincinnati", "Education"
"University of Northwestern Ohio", "Education"
"Unmanned aerial vehicle", "Military"
"Unmanned Aircraft System", "Military"
"Urban area", "Safety"
"Urinal", "None"
"U.S. Customs and Border Protection", "Safety"
"Use of force", "Safety"
"Use tax", "Taxes"
"U.S. Route 202", "Transportation"
"U.S. Route 206", "Transportation"
"U.S. Route 23", "Transportation"
"U.S. Route 2", "Transportation"
"U.S. Route 66", "Transportation"
"U.S. Securities and Exchange Commission", "None"
"U.S. state", "None"
"Utah", "Location"
"Uterus", "Healthcare"
"Utility cooperative", "Environment"
"Vacation rental", "Safety"
"Vaccination", "Healthcare"
"Vaccine", "Healthcare"
"Valedictorian", "Education"
"Valuation", "None"
"Value added tax", "Taxes"
"Value", "None"
"Variance", "None"
"Vegetable", "None"
"Vehicle inspection", "Transportation"
"Vehicle law", "Transportation"
"Vehicle registration plate", "Transportation"
"Vehicles", "Transportation"
"Vehicle", "Transportation"
"Vermont", "Location"
"Veteran", "Military"
"Veterinarian", "Jobs"
"Veterinary chiropractic", "None"
"Veterinary medicine", "None"
"Veterinary professions", "Jobs"
"Veterinary technician", "Jobs"
"Veto", "None"
"Vice President of the United States", "None"
"Victim impact statement", "Safety"
"Victim", "Safety"
"Video Lottery Terminal", "None"
"Vietnam Veterans Memorial", "Military"
"Vietnam War", "Military"
"Village", "None"
"Villages in Ohio", "None"
"Violence against women", "Safety"
"Violence", "Safety"
"Virginia", "Location"
"Virtual learning environment", "Education"
"Virtue", "None"
"Visual acuity", "None"
"Visual perception", "None"
"Vitis vinifera", "Environment"
"Vocational education", "Jobs"
"Vocational school", "Jobs"
"Vodka", "None"
"Voice over Internet Protocol", "Technology"
"Voidable", "None"
"Void", "None"
"Volatile organic compound", "Environment"
"Volleyball", "None"
"Voluntary association", "None"
"Volunteer fire department", "Safety"
"Vote counting system", "Elections"
"Voter registration", "Elections"
"Voter turnout", "Elections"
"Voting", "Elections"
"Voting system", "Elections"
"Wadge hierarchy", "None"
"Wage", "Jobs"
"Waiver", "None"
"War on Terrorism", "Safety"
"Warrant", "Safety"
"Warren County, Kentucky", "Location"
"Warren County, Ohio", "Location"
"Washington, D.C.", "Location"
"Washington", "Location"
"Waste", "Environment"
"WASTE", "Environment"
"Waste management", "Environment"
"Wastewater", "Environment"
"Water", "Environment"
"Water industry", "Jobs"
"Water management", "Environment"
"Water pollution", "Environment"
"Water quality", "Environment"
"Water resources", "Environment"
"Water supply", "Environment"
"Water supply network", "Environment"
"Water well", "Environment"
"Weather", "Environment"
"Weighted mean", "None"
"Western Apache", "Racial Justice"
"Westminster system", "None"
"West Virginia Intercollegiate Athletic Conference", "None"
"West Virginia", "Location"
"Wheeling, West Virginia", "Location"
"Whistleblower", "Jobs"
"Whistleblower Protection Act", "Jobs"
"White American", "Racial Justice"
"Wholesale", "None"
"Wife", "None"
"Wi-Fi", "Technology"
"Wildland fire suppression", "Environment"
"Wild Turkey", "None"
"Will", "None"
"Wills and trusts", "None"
"Wind farm", "Environment"
"Windows Registry", "Technology"
"Wind power", "Environment"
"Wind turbine", "Environment"
"Wine", "None"
"Winemaker", "Jobs"
"Wireless network", "Technology"
"Wireless", "None"
"Withdrawal", "None"
"Withholding tax", "Taxes"
"Woman", "None"
"Wood County, Ohio", "Location"
"Workers' compensation", "Jobs"
"Working class", "Jobs"
"Working time", "Jobs"
"Work in progress", "None"
"World energy resources and consumption", "Environment"
"World Games", "None"
"World Health Organization", "Healthcare"
"World", "None"
"World Universities Debating Championship", "None"
"World War II", "Military"
"World War I", "Military"
"Wrestling", "None"
"Wright brothers", "None"
"Wright Flyer", "None"
"Writing", "Jobs"
"WWE Championship", "None"
"Year of birth missing", "None"
"Yeast", "None"
"Youngstown, Ohio", "Location"
"Youth detention center", "None"
"Youth", "None"
"Yuma, Arizona", "Location"
"Yuma County, Arizona", "Location"
"Zoning", "None"
"Zürich", "Location"
